"product_page","image","name"
"https://www.marksandspencer.com/food/chicken-and-broccoli-bake/p/fdp60497762#intid=pid_pg1pip96g6r1c1","https://assets.digitalcontent.marksandspencer.app/image/upload/w_2560,q_auto,c_fill,ar_1,f_auto/8f451419f20a1d0ab06e85944d5f002b.jpg","Chicken and Broccoli Bake"
"https://www.marksandspencer.com/food/spaghetti-bolognese/p/fdp21003291#intid=pid_pg1pip96g6r1c2","https://assets.digitalcontent.marksandspencer.app/image/upload/w_2560,q_auto,c_fill,ar_1,f_auto/33cbdda4da5c2a596eb22482b7718ec2.jpg","Spaghetti Bolognese"
"https://www.marksandspencer.com/food/taste-buds-cheese-and-tomato-pasta/p/fdp21006695#intid=pid_pg1pip96g6r1c3","https://assets.digitalcontent.marksandspencer.app/image/upload/w_2560,q_auto,c_fill,ar_1,f_auto/ce46d132699de30cf624d4b1e532bf60.jpg","Taste Buds Cheese and Tomato Pasta"
"https://www.marksandspencer.com/food/taste-buds-apple-slices/p/fdp60586193#intid=pid_pg1pip96g6r1c4","https://assets.digitalcontent.marksandspencer.app/image/upload/w_2560,q_auto,c_fill,ar_1,f_auto/8594ddbe00d1de31643976f71245b5f9.jpg","Taste Buds Apple Slices"
"https://www.marksandspencer.com/food/watermelon-chunks/p/fdp60586192#intid=pid_pg1pip96g6r1c5","https://assets.digitalcontent.marksandspencer.app/image/upload/w_2560,q_auto,c_fill,ar_1,f_auto/1ee660753f2c71577f3fc0beff90d553.jpg","Watermelon Chunks"
"https://www.marksandspencer.com/food/taste-buds-10-raisin-snack-boxes/p/fdp20059094#intid=pid_pg1pip96g6r1c6","https://assets.digitalcontent.marksandspencer.app/image/upload/w_2560,q_auto,c_fill,ar_1,f_auto/3bc65eb530276a9d6b16cdbc87d97623.jpg","Taste Buds 10 Raisin Snack Boxes"
"https://www.marksandspencer.com/food/taste-buds-easy-peelers/p/fdp60045252#intid=pid_pg1pip96g6r2c1","https://assets.digitalcontent.marksandspencer.app/image/upload/w_2560,q_auto,c_fill,ar_1,f_auto/e808c9c6dcc0b7b8d4fb85609f86dd57.jpg","Taste Buds Easy Peelers"
"https://www.marksandspencer.com/food/taste-buds-organic-strawberry-and-raspberry-live-yogurt-pots/p/fdp21001667#intid=pid_pg1pip96g6r2c2","https://assets.digitalcontent.marksandspencer.app/image/upload/w_2560,q_auto,c_fill,ar_1,f_auto/d5cb736a5d93ba9d71e3a80740b25f45.jpg","Taste Buds Organic Strawberry and Raspberry Live Yogurt Pots"
"https://www.marksandspencer.com/food/taste-buds-strawberry-greek-yogurt-pot/p/fdp60628085#intid=pid_pg1pip96g6r2c3","https://assets.digitalcontent.marksandspencer.app/image/upload/w_2560,q_auto,c_fill,ar_1,f_auto/51df05e467df634f71f9b59ed2ff5fcd.jpg","Taste Buds Strawberry Greek Yogurt Pot"
"https://www.marksandspencer.com/food/taste-buds-vanilla-greek-yogurt-pot/p/fdp60628086#intid=pid_pg1pip96g6r2c4","https://assets.digitalcontent.marksandspencer.app/image/upload/w_2560,q_auto,c_fill,ar_1,f_auto/a20f9455cdd04091bf5fa3788e32661b.jpg","Taste Buds Vanilla Greek Yogurt Pot"
"","https://images.ctfassets.net/prxuf37q3ta2/2eekzHJ0PwQfDzwmW0HkcL/315e04e5afc66c63335534673f96a15a/Screenshot_2025-03-21_at_16.14.29.png?w=2560&q=60&fm=webp",""
"https://www.marksandspencer.com/food/taste-buds-little-pink-apples/p/fdp60694210#intid=pid_pg1pip96g6r2c5","https://assets.digitalcontent.marksandspencer.app/image/upload/w_2560,q_auto,c_fill,ar_1,f_auto/b786970434c5c3088baa2dc2b8f95f02.jpg","Taste Buds Little Pink Apples"
"https://www.marksandspencer.com/food/nappy-bags/p/fdp60598067#intid=pid_pg1pip96g6r2c6","https://assets.digitalcontent.marksandspencer.app/image/upload/w_2560,q_auto,c_fill,ar_1,f_auto/00e17280198634e75d22caf894f18c67.jpg","Nappy Bags"
"https://www.marksandspencer.com/food/taste-buds-carrot-batons/p/fdp60586182#intid=pid_pg1pip96g6r3c1","https://assets.digitalcontent.marksandspencer.app/image/upload/w_2560,q_auto,c_fill,ar_1,f_auto/f3599f5990614f9309b2659a459ff517.jpg","Taste Buds Carrot Batons"
"https://www.marksandspencer.com/food/taste-buds-mango-chunks/p/fdp60586195#intid=pid_pg1pip96g6r3c2","https://assets.digitalcontent.marksandspencer.app/image/upload/w_2560,q_auto,c_fill,ar_1,f_auto/09f7f78bf1d7915eb5625d3ce8abbd1b.jpg","Taste Buds Mango Chunks"
"https://www.marksandspencer.com/food/still-scottish-mountain-water/p/fdp60479115#intid=pid_pg1pip96g6r3c3","https://assets.digitalcontent.marksandspencer.app/image/upload/w_2560,q_auto,c_fill,ar_1,f_auto/fbd34572e4162abf16b3d61d2c484d09.jpg","Still Scottish Mountain Water"
"https://www.marksandspencer.com/food/taste-buds-little-fishies/p/fdp60503557#intid=pid_pg1pip96g6r3c4","https://assets.digitalcontent.marksandspencer.app/image/upload/w_2560,q_auto,c_fill,ar_1,f_auto/5f13dcf2a4fa8919b170004ea91a58c0.jpg","Taste Buds Little Fishies"
"https://www.marksandspencer.com/food/sultanas-and-strawberries/p/fdp60480140#intid=pid_pg1pip96g6r3c5","https://assets.digitalcontent.marksandspencer.app/image/upload/w_2560,q_auto,c_fill,ar_1,f_auto/fd18829537978b1efec5141dbfdd40ad.jpg","Sultanas and Strawberries"
"https://www.marksandspencer.com/food/little-smiles-size-6-ultra-absorbent-nappy-pants/p/fdp60481317#intid=pid_pg1pip96g6r3c6","https://assets.digitalcontent.marksandspencer.app/image/upload/w_2560,q_auto,c_fill,ar_1,f_auto/7e9364e0834d52f6f47f98ec6fb41fff.jpg","Little Smiles Size 6 Ultra Absorbent Nappy Pants"
"https://www.marksandspencer.com/food/ultra-absorbent-nappies/p/fdp60481311#intid=pid_pg1pip96g6r4c1","https://assets.digitalcontent.marksandspencer.app/image/upload/w_2560,q_auto,c_fill,ar_1,f_auto/00a2632d1cfedc35c99b24c8022f6cee.jpg","Ultra Absorbent Nappies"
"https://www.marksandspencer.com/food/ultra-absorbent-nappies/p/fdp60481316#intid=pid_pg1pip96g6r4c2","https://assets.digitalcontent.marksandspencer.app/image/upload/w_2560,q_auto,c_fill,ar_1,f_auto/a17549422d9ae13464c0caa0cf5ca783.jpg","Ultra Absorbent Nappies"
"https://www.marksandspencer.com/food/taste-buds-mild-cheddar-sticks/p/fdp60465677#intid=pid_pg1pip96g6r4c3","https://assets.digitalcontent.marksandspencer.app/image/upload/w_2560,q_auto,c_fill,ar_1,f_auto/bb56db037c7fef81ad648f7930b7b9f5.jpg","Taste Buds Mild Cheddar Sticks"
"https://www.marksandspencer.com/food/tastebuds-spaghetti-and-beef-meatballs/p/fdp21006947#intid=pid_pg1pip96g6r4c4","https://assets.digitalcontent.marksandspencer.app/image/upload/w_2560,q_auto,c_fill,ar_1,f_auto/ec16225dc7c497cfacfa7734f7e21c71.jpg","Tastebuds Spaghetti and Beef Meatballs"
"https://www.marksandspencer.com/food/kids-cottage-pie/p/fdp20119173#intid=pid_pg1pip96g6r4c5","https://assets.digitalcontent.marksandspencer.app/image/upload/w_2560,q_auto,c_fill,ar_1,f_auto/0360957ee05384f042e76f8a54f6f30e.jpg","Kids' Cottage Pie"
"https://www.marksandspencer.com/food/chicken-teddies/p/fdp21002937#intid=pid_pg1pip96g6r4c6","https://assets.digitalcontent.marksandspencer.app/image/upload/w_2560,q_auto,c_fill,ar_1,f_auto/a370b344dcc1f12af2fc840d3573bce2.jpg","Chicken Teddies"
"https://www.marksandspencer.com/food/taste-buds-fish-pie/p/fdp20119186#intid=pid_pg1pip96g6r5c1","https://assets.digitalcontent.marksandspencer.app/image/upload/w_2560,q_auto,c_fill,ar_1,f_auto/3e830c3c11cec2f705526d5942c40815.jpg","Taste Buds Fish Pie"
"https://www.marksandspencer.com/food/taste-buds-mighty-meaty-pasta/p/fdp21003855#intid=pid_pg1pip96g6r5c2","https://assets.digitalcontent.marksandspencer.app/image/upload/w_2560,q_auto,c_fill,ar_1,f_auto/44cb76a1f48289c26f743f19549dde18.jpg","Taste Buds Mighty Meaty Pasta"