"product_page","image","name","media-0_textXs__ZzHWu","media-0_labelXs__Jb339"
"https://www.marksandspencer.com/food/british-aberdeen-angus-mince-12-fat/p/fdp21052689#intid=pid_pg2pip96g6r1c1","https://assets.digitalcontent.marksandspencer.app/image/upload/w_2560,q_auto,c_fill,ar_1,f_auto/8ca71c84fd753d1d90f2cf54af812d0c.jpg","British Aberdeen Angus Mince 12% Fat","500 g",""
"https://www.marksandspencer.com/food/british-beef-and-pork-meatloaf-with-chunky-tomato-sauce/p/fdp21062824#intid=pid_pg2pip96g6r1c2","https://assets.digitalcontent.marksandspencer.app/image/upload/w_2560,q_auto,c_fill,ar_1,f_auto/238febca4cbff5bf7db032d8b73564aa.jpg","British Beef & Pork Meatloaf with Chunky Tomato Sauce","760 g",""
"https://www.marksandspencer.com/food/british-beef-rump-steak/p/fdp60449653#intid=pid_pg2pip96g6r1c3","https://assets.digitalcontent.marksandspencer.app/image/upload/w_2560,q_auto,c_fill,ar_1,f_auto/814f65f25c29e7ea995aa5088367d803.jpg","British Beef Rump Steak","222 g",""
"https://www.marksandspencer.com/food/british-beef-sirloin-steak/p/fdp60002762#intid=pid_pg2pip96g6r1c4","https://assets.digitalcontent.marksandspencer.app/image/upload/w_2560,q_auto,c_fill,ar_1,f_auto/18cd972189f0812e679584d8fc4a2298.jpg","British Beef Sirloin Steak","227 g",""
"https://www.marksandspencer.com/food/british-beef-thick-cut-ribeye-steak/p/fdp60071227#intid=pid_pg2pip96g6r1c5","https://assets.digitalcontent.marksandspencer.app/image/upload/w_2560,q_auto,c_fill,ar_1,f_auto/0214375da848961b71cba09ce5103f1a.jpg","British Beef Thick Cut Ribeye Steak","380 g",""
"https://www.marksandspencer.com/food/british-beef-topside-joint/p/fdp60720468#intid=pid_pg2pip96g6r1c6","https://assets.digitalcontent.marksandspencer.app/image/upload/w_2560,q_auto,c_fill,ar_1,f_auto/03e5395c72cd0176ec281dd1a44b33eb.jpg","British Beef Topside Joint","1.98 kg",""
"https://www.marksandspencer.com/food/british-beef-topside-joint/p/fdp60720466#intid=pid_pg2pip96g6r2c1","https://assets.digitalcontent.marksandspencer.app/image/upload/w_2560,q_auto,c_fill,ar_1,f_auto/8f425a87a661a03ab7d04ba5d482ff4d.jpg","British Beef Topside Joint","1.1 kg",""
"https://www.marksandspencer.com/food/british-beef-topside-joint/p/fdp60720386#intid=pid_pg2pip96g6r2c2","https://assets.digitalcontent.marksandspencer.app/image/upload/w_2560,q_auto,c_fill,ar_1,f_auto/3c85f5d23f1127c5f69a9ab79f6b82a5.jpg","British Beef Topside Joint","600 g",""
"https://www.marksandspencer.com/food/british-beef-topside-joint/p/fdp60720467#intid=pid_pg2pip96g6r2c3","https://assets.digitalcontent.marksandspencer.app/image/upload/w_2560,q_auto,c_fill,ar_1,f_auto/31553b5a667c61d67a15667140ad1103.jpg","British Beef Topside Joint","1.54 kg",""
"https://www.marksandspencer.com/food/british-lambs-liver/p/fdp21051861#intid=pid_pg2pip96g6r2c4","https://assets.digitalcontent.marksandspencer.app/image/upload/w_2560,q_auto,c_fill,ar_1,f_auto/d11247cb31f2765ae4aab8a937824d60.jpg","British Lamb's Liver","0.25 kg",""
"https://www.marksandspencer.com/food/british-outdoor-bred-gammon-steaks/p/fdp60684830#intid=pid_pg2pip96g6r2c5","https://assets.digitalcontent.marksandspencer.app/image/upload/w_2560,q_auto,c_fill,ar_1,f_auto/94d20853fdb91f89a21ea2548bee7630.jpg","British Outdoor Bred Gammon Steaks","381 g",""
"https://www.marksandspencer.com/food/british-outdoor-bred-pork-fillet-medallions/p/fdp60685262#intid=pid_pg2pip96g6r2c6","https://assets.digitalcontent.marksandspencer.app/image/upload/w_2560,q_auto,c_fill,ar_1,f_auto/36a45989bc89bc2ebf2b8e359c12c366.jpg","British Outdoor Bred Pork Fillet Medallions","472 g",""
"https://www.marksandspencer.com/food/british-outdoor-bred-pork-schnitzel/p/fdp60685263#intid=pid_pg2pip96g6r3c1","https://assets.digitalcontent.marksandspencer.app/image/upload/w_2560,q_auto,c_fill,ar_1,f_auto/11ea19cf9ebcbf326bfd493fce0ff625.jpg","British Outdoor Bred Pork Schnitzel","310 g",""
"https://www.marksandspencer.com/food/british-ribeye-steak/p/fdp60016807#intid=pid_pg2pip96g6r3c2","https://assets.digitalcontent.marksandspencer.app/image/upload/w_2560,q_auto,c_fill,ar_1,f_auto/10a774ace2e5915bd8a47ba7fd9d27c1.jpg","British Ribeye Steak","210 g",""
"https://www.marksandspencer.com/food/british-rose-veal-breaded-escalopes/p/fdp60007912#intid=pid_pg2pip96g6r3c3","https://assets.digitalcontent.marksandspencer.app/image/upload/w_2560,q_auto,c_fill,ar_1,f_auto/bd33b02b498b333d1280b5ec3010e2d2.jpg","British Rose Veal Breaded Escalopes","167 g","M&S Collection"
"https://www.marksandspencer.com/food/british-smoked-back-bacon/p/fdp21051845#intid=pid_pg2pip96g6r3c4","https://assets.digitalcontent.marksandspencer.app/image/upload/w_2560,q_auto,c_fill,ar_1,f_auto/1d823550c36d98c37eec4e7fb2aa809e.jpg","British Smoked Back Bacon","300 g",""
"https://www.marksandspencer.com/food/british-venison-mince/p/fdp60498473#intid=pid_pg2pip96g6r3c5","https://assets.digitalcontent.marksandspencer.app/image/upload/w_2560,q_auto,c_fill,ar_1,f_auto/3a58887c9ff05203d3a70242542fa5db.jpg","British Venison Mince","300 g","M&S Collection"
"https://www.marksandspencer.com/food/british-venison-steaks/p/fdp60508162#intid=pid_pg2pip96g6r3c6","https://assets.digitalcontent.marksandspencer.app/image/upload/w_2560,q_auto,c_fill,ar_1,f_auto/e63ff5ebe9d4301871441588466c6b40.jpg","British Venison Steaks","250 g","M&S Collection"
"https://www.marksandspencer.com/food/collection-master-grill-calabrian-spicy-sausages/p/fdp60607429#intid=pid_pg2pip96g6r4c1","https://assets.digitalcontent.marksandspencer.app/image/upload/w_2560,q_auto,c_fill,ar_1,f_auto/251d9e74104620aa95d6303d57eb0d58.jpg","Collection Master Grill Calabrian Spicy Sausages","400 g","M&S Collection"
"https://www.marksandspencer.com/food/italian-diced-pancetta/p/fdp60488258#intid=pid_pg2pip96g6r4c2","https://assets.digitalcontent.marksandspencer.app/image/upload/w_2560,q_auto,c_fill,ar_1,f_auto/c74c41e0a3df47b3197d921fe62f201a.jpg","Italian Diced Pancetta","130 g",""
"https://www.marksandspencer.com/food/northern-irish-beef-meatballs-3-fat/p/fdp60542401#intid=pid_pg2pip96g6r4c3","https://assets.digitalcontent.marksandspencer.app/image/upload/w_2560,q_auto,c_fill,ar_1,f_auto/2e39e78db5cc8b5e97383f2bebfad806.jpg","Northern Irish Beef Meatballs 3% Fat","240 g",""
"https://www.marksandspencer.com/food/organic-beef-roasting-joint/p/fdp60726488#intid=pid_pg2pip96g6r4c4","https://assets.digitalcontent.marksandspencer.app/image/upload/w_2560,q_auto,c_fill,ar_1,f_auto/0d846d37bcf8f42283865f526048a137.jpg","Organic Beef Roasting Joint","1.1 kg","Organic"
"https://www.marksandspencer.com/food/oriental-style-outdoor-bred-british-pork-belly-slices/p/fdp60684829#intid=pid_pg2pip96g6r4c5","https://assets.digitalcontent.marksandspencer.app/image/upload/w_2560,q_auto,c_fill,ar_1,f_auto/fe0e504dac4e731a52034bece7128e75.jpg","Oriental Style Outdoor Bred British Pork Belly Slices","420 g",""
"https://www.marksandspencer.com/food/plant-kitchen-no-pork-streaky-bacon/p/fdp60717012#intid=pid_pg2pip96g6r4c6","https://assets.digitalcontent.marksandspencer.app/image/upload/w_2560,q_auto,c_fill,ar_1,f_auto/f39e38b8e691320d0f0ac01986285dea.jpg","Plant Kitchen No Pork Streaky Bacon","180 g","Plant Kitchen"
"https://www.marksandspencer.com/food/scotch-beef-mince-12-fat/p/fdp60615978#intid=pid_pg2pip96g6r5c1","https://assets.digitalcontent.marksandspencer.app/image/upload/w_2560,q_auto,c_fill,ar_1,f_auto/b09e36faf0e6ebddabf23ff97a98173e.jpg","Scotch Beef Mince 12% Fat","750 g",""
"https://www.marksandspencer.com/food/scottish-beef-topside-joint/p/fdp60720387#intid=pid_pg2pip96g6r5c2","https://assets.digitalcontent.marksandspencer.app/image/upload/w_2560,q_auto,c_fill,ar_1,f_auto/4c0f7f31fef54046f5e27a8bbcd80d91.jpg","Scottish Beef Topside Joint","600 g",""
"https://www.marksandspencer.com/food/scottish-beef-topside-joint/p/fdp60720415#intid=pid_pg2pip96g6r5c3","https://assets.digitalcontent.marksandspencer.app/image/upload/w_2560,q_auto,c_fill,ar_1,f_auto/e1a05a788c381e4282bf20bc7485d299.jpg","Scottish Beef Topside Joint","1.1 kg",""
"https://www.marksandspencer.com/food/slow-roast-silverside-of-beef-joint/p/fdp60710250#intid=pid_pg2pip96g6r5c4","https://assets.digitalcontent.marksandspencer.app/image/upload/w_2560,q_auto,c_fill,ar_1,f_auto/de34cc65281523e620040b0f59f4adbb.jpg","Slow Roast Silverside of Beef Joint","1.1 kg",""
"https://www.marksandspencer.com/food/haggis-bonbons/p/fdp60596926#intid=pid_pg2pip96g6r5c5","https://assets.digitalcontent.marksandspencer.app/image/upload/w_2560,q_auto,c_fill,ar_1,f_auto/df396cd2a0f08306cf33421c03b8d3c2.jpg","Haggis Bonbons","144 g",""
"https://www.marksandspencer.com/food/12-british-beef-meatballs/p/fdp21063696#intid=pid_pg2pip96g6r5c6","https://assets.digitalcontent.marksandspencer.app/image/upload/w_2560,q_auto,c_fill,ar_1,f_auto/414e77316f9b58575af2b61170e82744.jpg","12 British Beef Meatballs","300 g",""
"https://www.marksandspencer.com/food/british-beef-mince-5-fat/p/fdp21057309#intid=pid_pg2pip96g6r6c1","https://assets.digitalcontent.marksandspencer.app/image/upload/w_2560,q_auto,c_fill,ar_1,f_auto/7409433196d7c636665520ad38fac594.jpg","British Beef Mince 5% Fat","500 g",""
"https://www.marksandspencer.com/food/british-beef-thick-cut-sirloin-steak/p/fdp60071228#intid=pid_pg2pip96g6r6c2","https://assets.digitalcontent.marksandspencer.app/image/upload/w_2560,q_auto,c_fill,ar_1,f_auto/f60224c8cbf1aa1e78d26ea4aaf88423.jpg","British Beef Thick Cut Sirloin Steak","450 g",""
"https://www.marksandspencer.com/food/collection-british-rump-steak/p/fdp60631305#intid=pid_pg2pip96g6r6c3","https://assets.digitalcontent.marksandspencer.app/image/upload/w_2560,q_auto,c_fill,ar_1,f_auto/61a1b4887b4fac8bcf900c4632e30096.jpg","Collection British Rump Steak","240 g","M&S Collection"
"https://www.marksandspencer.com/food/collection-thick-cut-aberdeen-angus-cote-de-boeuf/p/fdp60631335#intid=pid_pg2pip96g6r6c4","https://assets.digitalcontent.marksandspencer.app/image/upload/w_2560,q_auto,c_fill,ar_1,f_auto/6581488932a35dd4056aa5c2f81bf918.jpg","Collection Thick Cut Aberdeen Angus Cote de Boeuf","769 g","M&S Collection"
"https://www.marksandspencer.com/food/new-yorker-style-chicken-flatties/p/fdp60680861#intid=pid_pg2pip96g6r6c5","https://assets.digitalcontent.marksandspencer.app/image/upload/w_2560,q_auto,c_fill,ar_1,f_auto/c6309e02af0c9fe5a58a0196f8283bf0.jpg","New Yorker Style Chicken Flatties","374 g",""
"https://www.marksandspencer.com/food/scotch-beef-meatballs/p/fdp60615952#intid=pid_pg2pip96g6r6c6","https://assets.digitalcontent.marksandspencer.app/image/upload/w_2560,q_auto,c_fill,ar_1,f_auto/85110ad8b3502b463b92dc488b49a374.jpg","Scotch Beef Meatballs","300 g",""
"https://www.marksandspencer.com/food/scotch-beef-mini-meatballs/p/fdp60615951#intid=pid_pg2pip96g6r7c1","https://assets.digitalcontent.marksandspencer.app/image/upload/w_2560,q_auto,c_fill,ar_1,f_auto/6c89ae19702044f819846ce6b910a843.jpg","Scotch Beef Mini Meatballs","240 g",""
"https://www.marksandspencer.com/food/diced-northern-irish-beef/p/fdp60619758#intid=pid_pg2pip96g6r7c2","https://assets.digitalcontent.marksandspencer.app/image/upload/w_2560,q_auto,c_fill,ar_1,f_auto/787324bc1e11f5c4caf5b5e1e43a5c73.jpg","Diced Northern Irish Beef","500 g",""
"https://www.marksandspencer.com/food/plant-kitchen-bangers/p/fdp60717034#intid=pid_pg2pip96g6r7c3","https://assets.digitalcontent.marksandspencer.app/image/upload/w_2560,q_auto,c_fill,ar_1,f_auto/03c065c2c4c77518b1bda5ce4f92b9b4.jpg","Plant Kitchen Bangers","360 g","Plant Kitchen"
"https://www.marksandspencer.com/food/plant-kitchen-mushroom-sausages/p/fdp60717014#intid=pid_pg2pip96g6r7c4","https://assets.digitalcontent.marksandspencer.app/image/upload/w_2560,q_auto,c_fill,ar_1,f_auto/47c4a240ebe7939e59048e6ee930f5b6.jpg","Plant Kitchen Mushroom Sausages","300 g","Plant Kitchen"
"https://www.marksandspencer.com/food/welsh-beef-fillet-steak/p/fdp60631348#intid=pid_pg2pip96g6r7c5","https://assets.digitalcontent.marksandspencer.app/image/upload/w_2560,q_auto,c_fill,ar_1,f_auto/ae7bc1549a4551ad0f165f7d160a8c5d.jpg","Welsh Beef Fillet Steak","190 g",""
"https://www.marksandspencer.com/food/british-salt-and-pepper-pork-belly-joint/p/fdp21062532#intid=pid_pg2pip96g6r7c6","https://assets.digitalcontent.marksandspencer.app/image/upload/w_2560,q_auto,c_fill,ar_1,f_auto/6506040e35612fdf6ab3dced0d5f8696.jpg","British Salt and Pepper Pork Belly Joint","700 g",""
"https://www.marksandspencer.com/food/collection-british-chicken-chipolata-sausages/p/fdp60563493#intid=pid_pg2pip96g6r8c1","https://assets.digitalcontent.marksandspencer.app/image/upload/w_2560,q_auto,c_fill,ar_1,f_auto/becfb1851ed29049ef0f93539ae33163.jpg","Collection British Chicken Chipolata Sausages","340 g","M&S Collection"
"https://www.marksandspencer.com/food/collection-british-sirloin-steak/p/fdp60631306#intid=pid_pg2pip96g6r8c2","https://assets.digitalcontent.marksandspencer.app/image/upload/w_2560,q_auto,c_fill,ar_1,f_auto/5faf36c19e37120cbc7734b4b49c4289.jpg","Collection British Sirloin Steak","240 g","M&S Collection"
"https://www.marksandspencer.com/food/collection-salt-dry-aged-british-ribeye-steak/p/fdp60631338#intid=pid_pg2pip96g6r8c3","https://assets.digitalcontent.marksandspencer.app/image/upload/w_2560,q_auto,c_fill,ar_1,f_auto/1772c257c511bb79ca2bf125ccb95f4f.jpg","Collection Salt Dry Aged British Ribeye Steak","240 g","M&S Collection"
"https://www.marksandspencer.com/food/outdoor-bred-stuffed-pork-shoulder-joint/p/fdp60482113#intid=pid_pg2pip96g6r8c4","https://assets.digitalcontent.marksandspencer.app/image/upload/w_2560,q_auto,c_fill,ar_1,f_auto/b004debc5f4240277c7bc11d5d35879a.jpg","Outdoor Bred Stuffed Pork Shoulder Joint","1.213 kg",""
"https://www.marksandspencer.com/food/peri-peri-chicken-kebabs/p/fdp60619616#intid=pid_pg2pip96g6r8c5","https://assets.digitalcontent.marksandspencer.app/image/upload/w_2560,q_auto,c_fill,ar_1,f_auto/03dd453293be1751ba1cd4b077c77cb0.jpg","Peri Peri Chicken Kebabs","364 g",""
"https://www.marksandspencer.com/food/12-beef-meatballs/p/fdp60449650#intid=pid_pg2pip96g6r8c6","https://assets.digitalcontent.marksandspencer.app/image/upload/w_2560,q_auto,c_fill,ar_1,f_auto/571cea7d1200fb3efea7f1c4c90112ac.jpg","12 Beef Meatballs","300 g","Organic"
"https://www.marksandspencer.com/food/collection-british-wagyu-rump-steak/p/fdp60631359#intid=pid_pg2pip96g6r9c1","https://assets.digitalcontent.marksandspencer.app/image/upload/w_2560,q_auto,c_fill,ar_1,f_auto/0756b636f9923cb2f801575c3f3424ab.jpg","Collection British Wagyu Rump Steak","267 g","M&S Collection"
"https://www.marksandspencer.com/food/honey-cured-gammon/p/fdp21052233#intid=pid_pg2pip96g6r9c2","https://assets.digitalcontent.marksandspencer.app/image/upload/w_2560,q_auto,c_fill,ar_1,f_auto/1229c914eebec1dffe8aab0fac316a05.jpg","Honey Cured Gammon","600 g",""
"https://www.marksandspencer.com/food/pulled-british-beef-all-butter-pastry-en-croute/p/fdp60685264#intid=pid_pg2pip96g6r9c3","https://assets.digitalcontent.marksandspencer.app/image/upload/w_2560,q_auto,c_fill,ar_1,f_auto/a8721842fbb36ae79ca594963a181c6d.jpg","Pulled British Beef All Butter Pastry En Croute","455 g",""
"https://www.marksandspencer.com/food/boneless-basted-british-beef-joint/p/fdp21055190#intid=pid_pg2pip96g6r9c4","https://assets.digitalcontent.marksandspencer.app/image/upload/w_2560,q_auto,c_fill,ar_1,f_auto/144c4d7549cb4e10314e12a9e4f1ec64.jpg","Boneless Basted British Beef Joint","493 g",""
"https://www.marksandspencer.com/food/boneless-basted-lamb-leg-joint/p/fdp21055087#intid=pid_pg2pip96g6r9c5","https://assets.digitalcontent.marksandspencer.app/image/upload/w_2560,q_auto,c_fill,ar_1,f_auto/95019b05e9de9f7a47c3b7d0c19efca5.jpg","Boneless Basted Lamb Leg Joint","450 g",""
"https://www.marksandspencer.com/food/british-beef-24-meatballs/p/fdp60224627#intid=pid_pg2pip96g6r9c6","https://assets.digitalcontent.marksandspencer.app/image/upload/w_2560,q_auto,c_fill,ar_1,f_auto/4fa8ce7b66eae0cd948aa14fdbaca6b4.jpg","British Beef 24 Meatballs","600 g",""
"https://www.marksandspencer.com/food/british-beef-fillet-steak/p/fdp60631296#intid=pid_pg2pip96g6r10c1","https://assets.digitalcontent.marksandspencer.app/image/upload/w_2560,q_auto,c_fill,ar_1,f_auto/21dcc1612eb18e0e2bc8561860c60eb7.jpg","British Beef Fillet Steak","190 g",""
"https://www.marksandspencer.com/food/british-beef-mince-20-fat/p/fdp21060204#intid=pid_pg2pip96g6r10c2","https://assets.digitalcontent.marksandspencer.app/image/upload/w_2560,q_auto,c_fill,ar_1,f_auto/caaeca99d7046eeee72ed3bab7a9ae84.jpg","British Beef Mince 20% Fat","500 g",""
"https://www.marksandspencer.com/food/pork-gravy/p/fdp60257552#intid=pid_pg2pip96g6r10c3","https://assets.digitalcontent.marksandspencer.app/image/upload/w_2560,q_auto,c_fill,ar_1,f_auto/d1b0702701908810a195863832ad320b.jpg","Pork Gravy","350 g",""
"https://www.marksandspencer.com/food/british-outdoor-bred-pork-butchers-sausages/p/fdp60563801#intid=pid_pg2pip96g6r10c4","https://assets.digitalcontent.marksandspencer.app/image/upload/w_2560,q_auto,c_fill,ar_1,f_auto/d03e83369bd71c193a996fb697f9e567.jpg","British Outdoor Bred Pork Butchers Sausages","454 g",""
"https://www.marksandspencer.com/food/collection-british-wagyu-beef-meatballs/p/fdp60726357#intid=pid_pg2pip96g6r10c5","https://assets.digitalcontent.marksandspencer.app/image/upload/w_2560,q_auto,c_fill,ar_1,f_auto/be77e27fdd86490affe6e1990deda1fa.jpg","Collection British Wagyu Beef Meatballs","300 g","M&S Collection"
"https://www.marksandspencer.com/food/collection-slow-cooked-osso-bucco/p/fdp60583411#intid=pid_pg2pip96g6r10c6","https://assets.digitalcontent.marksandspencer.app/image/upload/w_2560,q_auto,c_fill,ar_1,f_auto/6efb26398993073093a2d632669c4f33.jpg","Collection Slow Cooked Osso Bucco","1.29 kg","M&S Collection"
"https://www.marksandspencer.com/food/fully-loaded-steak-burgers/p/fdp60677400#intid=pid_pg2pip96g6r11c1","https://assets.digitalcontent.marksandspencer.app/image/upload/w_2560,q_auto,c_fill,ar_1,f_auto/a3110c0b63f374e26b0fe2fecd7ed8e5.jpg","Fully Loaded Steak Burgers","380 g",""
"https://www.marksandspencer.com/food/scotch-beef-extra-lean-minute-steaks/p/fdp60615926#intid=pid_pg2pip96g6r11c2","https://assets.digitalcontent.marksandspencer.app/image/upload/w_2560,q_auto,c_fill,ar_1,f_auto/36739e6d94f4a12e7078efe68c8a0948.jpg","Scotch Beef Extra Lean Minute Steaks","250 g",""
"https://www.marksandspencer.com/food/collections-british-wagyu-beef-mince/p/fdp60726356#intid=pid_pg2pip96g6r11c3","https://assets.digitalcontent.marksandspencer.app/image/upload/w_2560,q_auto,c_fill,ar_1,f_auto/c0ac726255dc1bbf497fd8a4f0c2d6bc.jpg","Collections British Wagyu Beef Mince","400 g","M&S Collection"
"https://www.marksandspencer.com/food/northern-irish-beef-topside-joint-serves-8-10/p/fdp60720419#intid=pid_pg2pip96g6r11c4","https://assets.digitalcontent.marksandspencer.app/image/upload/w_2560,q_auto,c_fill,ar_1,f_auto/64aad30a06fd6092cfd07039f447af77.jpg","Northern Irish Beef Topside Joint Serves 8-10","1.98 kg",""
"https://www.marksandspencer.com/food/british-heritage-gold-pork-crackling-loin-joint/p/fdp60712887#intid=pid_pg2pip96g6r11c5","https://assets.digitalcontent.marksandspencer.app/image/upload/w_2560,q_auto,c_fill,ar_1,f_auto/66953ec99991186317135db054187a21.jpg","British Heritage Gold Pork Crackling Loin Joint","1.3 kg",""
"https://www.marksandspencer.com/food/british-heritage-pepper-and-lemon-crumb-pork-cutlets/p/fdp60712888#intid=pid_pg2pip96g6r11c6","https://assets.digitalcontent.marksandspencer.app/image/upload/w_2560,q_auto,c_fill,ar_1,f_auto/acab6d72475a7811d17b56c489937276.jpg","British Heritage Pepper and Lemon Crumb Pork Cutlets","580 g",""
"https://www.marksandspencer.com/food/british-outdoor-bred-pork-loin-steaks/p/fdp60712886#intid=pid_pg2pip96g6r12c1","https://assets.digitalcontent.marksandspencer.app/image/upload/w_2560,q_auto,c_fill,ar_1,f_auto/7058c54b0c94d233cddec6f51c9296c8.jpg","British Outdoor Bred Pork Loin Steaks","500 g",""
"https://www.marksandspencer.com/food/welsh-lamb-fully-trimmed-cutlets/p/fdp60699530#intid=pid_pg2pip96g6r12c2","https://assets.digitalcontent.marksandspencer.app/image/upload/w_2560,q_auto,c_fill,ar_1,f_auto/77edcaa940495ad9cee492b2cd5e4194.jpg","Welsh Lamb Fully Trimmed Cutlets","220 g",""
"https://www.marksandspencer.com/food/welsh-lamb-loin-fillet/p/fdp60699469#intid=pid_pg2pip96g6r12c3","https://assets.digitalcontent.marksandspencer.app/image/upload/w_2560,q_auto,c_fill,ar_1,f_auto/be3be3126baa152b6cbe1bcca8e89ea4.jpg","Welsh Lamb Loin Fillet","200 g",""
"https://www.marksandspencer.com/food/12-fat-beef-mince/p/fdp21051697#intid=pid_pg2pip96g6r12c4","https://assets.digitalcontent.marksandspencer.app/image/upload/w_2560,q_auto,c_fill,ar_1,f_auto/f9b58b284014ed0823279e606c71c0c5.jpg","12% Fat Beef Mince","500 g","Organic"
"https://www.marksandspencer.com/food/2-corned-beef-crispbakes/p/fdp21096869#intid=pid_pg2pip96g6r12c5","https://assets.digitalcontent.marksandspencer.app/image/upload/w_2560,q_auto,c_fill,ar_1,f_auto/6e968ff68512bc139a0cbc4800d1bae5.jpg","2 Corned Beef Crispbakes","227 g",""
"https://www.marksandspencer.com/food/2-smoked-gammon-steaks/p/fdp60224632#intid=pid_pg2pip96g6r12c6","https://assets.digitalcontent.marksandspencer.app/image/upload/w_2560,q_auto,c_fill,ar_1,f_auto/8e1b326b3b0e4104561e493a5c22503b.jpg","2 Smoked Gammon Steaks","400 g",""
"https://www.marksandspencer.com/food/2-unsmoked-bacon-chops/p/fdp21064394#intid=pid_pg2pip96g6r13c1","https://assets.digitalcontent.marksandspencer.app/image/upload/w_2560,q_auto,c_fill,ar_1,f_auto/9a583b9a2217d7ea163dd2afe290a7c9.jpg","2 Unsmoked Bacon Chops","206 g",""
"https://www.marksandspencer.com/food/2-unsmoked-gammon-steaks/p/fdp60224631#intid=pid_pg2pip96g6r13c2","https://assets.digitalcontent.marksandspencer.app/image/upload/w_2560,q_auto,c_fill,ar_1,f_auto/934b8579f1c8274983159c7521cbe257.jpg","2 Unsmoked Gammon Steaks","400 g",""
"https://www.marksandspencer.com/food/4-lamb-shish-kebabs/p/fdp21060054#intid=pid_pg2pip96g6r13c3","https://assets.digitalcontent.marksandspencer.app/image/upload/w_2560,q_auto,c_fill,ar_1,f_auto/cda3057c42c71d3d6179b007f880dc12.jpg","4 Lamb Shish Kebabs","300 g",""
"https://www.marksandspencer.com/food/6-british-outdoor-bred-pork-butchers-sausages/p/fdp60095977#intid=pid_pg2pip96g6r13c4","https://assets.digitalcontent.marksandspencer.app/image/upload/w_2560,q_auto,c_fill,ar_1,f_auto/12c6fe6be80af58edd03fde28799e349.jpg","6 British Outdoor Bred Pork Butchers Sausages","400 g",""
"https://www.marksandspencer.com/food/british-12-fat-beef-mince/p/fdp60578996#intid=pid_pg2pip96g6r13c5","https://assets.digitalcontent.marksandspencer.app/image/upload/w_2560,q_auto,c_fill,ar_1,f_auto/3a3100c485c931e3998bf41d9e0e68aa.jpg","British 12% Fat Beef Mince","750 g",""
"https://www.marksandspencer.com/food/british-aberdeen-angus-beef-mince-5-fat/p/fdp21055026#intid=pid_pg2pip96g6r13c6","https://assets.digitalcontent.marksandspencer.app/image/upload/w_2560,q_auto,c_fill,ar_1,f_auto/9fb6529997b614e4386844e52195cc74.jpg","British Aberdeen Angus Beef Mince 5% Fat","500 g",""
"https://www.marksandspencer.com/food/british-beef-mince-12-fat/p/fdp21065615#intid=pid_pg2pip96g6r14c1","https://assets.digitalcontent.marksandspencer.app/image/upload/w_2560,q_auto,c_fill,ar_1,f_auto/8e1f630c52e45264ccfe9543987f2bcf.jpg","British Beef Mince 12% Fat","500 g",""
"https://www.marksandspencer.com/food/british-outdoor-bred-6-smoked-bacon-rashers/p/fdp60287309#intid=pid_pg2pip96g6r14c2","https://assets.digitalcontent.marksandspencer.app/image/upload/w_2560,q_auto,c_fill,ar_1,f_auto/b479288cdd6b13a21b50dbc13bc19fc9.jpg","British Outdoor Bred 6 Smoked Bacon Rashers","200 g",""
"https://www.marksandspencer.com/food/british-outdoor-bred-cumberland-sausages/p/fdp21057144#intid=pid_pg2pip96g6r14c3","https://assets.digitalcontent.marksandspencer.app/image/upload/w_2560,q_auto,c_fill,ar_1,f_auto/c9d2614421ffb2f6ebcea83ee72ee847.jpg","British Outdoor Bred Cumberland Sausages","400 g",""
"https://www.marksandspencer.com/food/british-outdoor-bred-pigs-in-blankets/p/fdp60436772#intid=pid_pg2pip96g6r14c4","https://assets.digitalcontent.marksandspencer.app/image/upload/w_2560,q_auto,c_fill,ar_1,f_auto/e4dd01a9723378ac6637fe938554bc28.jpg","British Outdoor Bred Pigs in Blankets","240 g",""
"https://www.marksandspencer.com/food/british-outdoor-bred-pork-loin-saltimbocca/p/fdp60434741#intid=pid_pg2pip96g6r14c5","https://assets.digitalcontent.marksandspencer.app/image/upload/w_2560,q_auto,c_fill,ar_1,f_auto/5bc57f2aa5385df9084359d835ae3a82.jpg","British Outdoor Bred Pork Loin Saltimbocca","285 g",""
"https://www.marksandspencer.com/food/british-outdoor-bred-pork-mince-5-fat/p/fdp60482324#intid=pid_pg2pip96g6r14c6","https://assets.digitalcontent.marksandspencer.app/image/upload/w_2560,q_auto,c_fill,ar_1,f_auto/85a901498488036704d9835313a41c38.jpg","British Outdoor Bred Pork Mince 5% Fat","500 g",""
"https://www.marksandspencer.com/food/british-roast-sirloin-of-beef/p/fdp60432364#intid=pid_pg2pip96g6r15c1","https://assets.digitalcontent.marksandspencer.app/image/upload/w_2560,q_auto,c_fill,ar_1,f_auto/015a922365a1fda0941542df5f47d4e6.jpg","British Roast Sirloin of Beef","1 kg","M&S Collection"
"https://www.marksandspencer.com/food/british-thin-cut-rump-steak/p/fdp60679145#intid=pid_pg2pip96g6r15c2","https://assets.digitalcontent.marksandspencer.app/image/upload/w_2560,q_auto,c_fill,ar_1,f_auto/84cea30d61d926bed81b6ac88d495057.jpg","British Thin Cut Rump Steak","190 g",""
"https://www.marksandspencer.com/food/british-venison-meatballs/p/fdp60498392#intid=pid_pg2pip96g6r15c3","https://assets.digitalcontent.marksandspencer.app/image/upload/w_2560,q_auto,c_fill,ar_1,f_auto/6fa94173d8abd06b72bc88fc3a300e74.jpg","British Venison Meatballs","300 g","M&S Collection"
"https://www.marksandspencer.com/food/collection-british-outdoor-bred-6-italian-style-pork-sausages/p/fdp60045102#intid=pid_pg2pip96g6r15c4","https://assets.digitalcontent.marksandspencer.app/image/upload/w_2560,q_auto,c_fill,ar_1,f_auto/a6b27a0ffcc644f33a6f1c781d7e2a21.jpg","Collection British Outdoor Bred 6 Italian Style Pork Sausages","400 g","M&S Collection"
"https://www.marksandspencer.com/food/collection-british-outdoor-bred-pork-sausages/p/fdp60436773#intid=pid_pg2pip96g6r15c5","https://assets.digitalcontent.marksandspencer.app/image/upload/w_2560,q_auto,c_fill,ar_1,f_auto/3e054bd1747931992aa85196ba40b130.jpg","Collection British Outdoor Bred Pork Sausages","400 g","M&S Collection"
"https://www.marksandspencer.com/food/collection-british-outdoor-bred-sweet-chilli-pork-sausages/p/fdp60563420#intid=pid_pg2pip96g6r15c6","https://assets.digitalcontent.marksandspencer.app/image/upload/w_2560,q_auto,c_fill,ar_1,f_auto/0ec6e2d0aa9802052534b6e64d19e8f6.jpg","Collection British Outdoor Bred Sweet Chilli Pork Sausages","400 g","M&S Collection"
"https://www.marksandspencer.com/food/our-best-ever-burger/p/fdp60166228#intid=pid_pg2pip96g6r16c1","https://assets.digitalcontent.marksandspencer.app/image/upload/w_2560,q_auto,c_fill,ar_1,f_auto/50c79b410396a49795ef6362850741af.jpg","Our Best Ever Burger","340 g","Our Best Ever"
"https://www.marksandspencer.com/food/outdoor-bred-8-great-british-pork-bangers/p/fdp60062035#intid=pid_pg2pip96g6r16c2","https://assets.digitalcontent.marksandspencer.app/image/upload/w_2560,q_auto,c_fill,ar_1,f_auto/12426717f3c5cdc5a2f94c487cd670ed.jpg","Outdoor Bred 8 Great British Pork Bangers","454 g","M&S Collection"
"https://www.marksandspencer.com/food/plant-kitchen-steak-burgers/p/fdp60728871#intid=pid_pg2pip96g6r16c3","https://assets.digitalcontent.marksandspencer.app/image/upload/w_2560,q_auto,c_fill,ar_1,f_auto/cc74eb1490d6af6df9e6671674ffc776.jpg","Plant Kitchen Steak Burgers","230 g","Plant Kitchen"
"https://www.marksandspencer.com/food/pork-and-caramelised-red-onion-sausages/p/fdp60061998#intid=pid_pg2pip96g6r16c4","https://assets.digitalcontent.marksandspencer.app/image/upload/w_2560,q_auto,c_fill,ar_1,f_auto/7b3bc775f6c3d1b0dec6956f0157c6a4.jpg","Pork & Caramelised Red Onion Sausages","400 g","M&S Collection"
"https://www.marksandspencer.com/food/scotch-aberdeen-angus-mince-12-fat/p/fdp60615955#intid=pid_pg2pip96g6r16c5","https://assets.digitalcontent.marksandspencer.app/image/upload/w_2560,q_auto,c_fill,ar_1,f_auto/df61073980a6f0dc67ba5d6ce9111944.jpg","Scotch Aberdeen Angus Mince 12% Fat","500 g",""
"https://www.marksandspencer.com/food/scotch-aberdeen-angus-mince-5-fat/p/fdp60615954#intid=pid_pg2pip96g6r16c6","https://assets.digitalcontent.marksandspencer.app/image/upload/w_2560,q_auto,c_fill,ar_1,f_auto/dcc64d05819d986754b7ad2e2a789e6b.jpg","Scotch Aberdeen Angus Mince 5% Fat","500 g",""
"https://www.marksandspencer.com/food/scotch-aberdeen-angus-ribeye-steak/p/fdp60631358#intid=pid_pg3pip96g6r1c1","https://assets.digitalcontent.marksandspencer.app/image/upload/w_2560,q_auto,c_fill,ar_1,f_auto/2f6c97ce3793b59b7e0ae10d9d6783e1.jpg","Scotch Aberdeen Angus Ribeye Steak","190 g",""
"https://www.marksandspencer.com/food/scotch-beef-mince-12-fat/p/fdp60615977#intid=pid_pg3pip96g6r1c2","https://assets.digitalcontent.marksandspencer.app/image/upload/w_2560,q_auto,c_fill,ar_1,f_auto/53eca0265c421343eba8cc8d08e0e04a.jpg","Scotch Beef Mince 12% Fat","500 g",""
"https://www.marksandspencer.com/food/scotch-beef-mince-20-fat/p/fdp60619958#intid=pid_pg3pip96g6r1c3","https://assets.digitalcontent.marksandspencer.app/image/upload/w_2560,q_auto,c_fill,ar_1,f_auto/384d3375f5881f53a4b8ddaf54452817.jpg","Scotch Beef Mince 20% Fat","500 g",""
"https://www.marksandspencer.com/food/scotch-beef-mince-5-fat/p/fdp60615976#intid=pid_pg3pip96g6r1c4","https://assets.digitalcontent.marksandspencer.app/image/upload/w_2560,q_auto,c_fill,ar_1,f_auto/c59638f8901277a221fc0674fcee3221.jpg","Scotch Beef Mince 5% Fat","500 g",""
"https://www.marksandspencer.com/food/scotch-beef-ribeye-steak/p/fdp60615946#intid=pid_pg3pip96g6r1c5","https://assets.digitalcontent.marksandspencer.app/image/upload/w_2560,q_auto,c_fill,ar_1,f_auto/f58a5ba86c2709030ff0e62d631c97c1.jpg","Scotch Beef Ribeye Steak","210 g",""
"https://www.marksandspencer.com/food/scotch-beef-rump-steak/p/fdp60615930#intid=pid_pg3pip96g6r1c6","https://assets.digitalcontent.marksandspencer.app/image/upload/w_2560,q_auto,c_fill,ar_1,f_auto/2793cad2a9edebefd8e75799d7ee7aa7.jpg","Scotch Beef Rump Steak","222 g",""
"https://www.marksandspencer.com/food/scotch-beef-sirloin-steak/p/fdp60615850#intid=pid_pg3pip96g6r2c1","https://assets.digitalcontent.marksandspencer.app/image/upload/w_2560,q_auto,c_fill,ar_1,f_auto/b7c600095cf5faf8ade4eed177899a94.jpg","Scotch Beef Sirloin Steak","227 g",""
"https://www.marksandspencer.com/food/scotch-beef-south-american-style-rump-steak/p/fdp60631952#intid=pid_pg3pip96g6r2c2","https://assets.digitalcontent.marksandspencer.app/image/upload/w_2560,q_auto,c_fill,ar_1,f_auto/2ac64c2863361e29afeb036381839438.jpg","Scotch Beef South American-Style Rump Steak","160 g",""
"https://www.marksandspencer.com/food/scotch-beef-thick-cut-ribeye-steak/p/fdp60615923#intid=pid_pg3pip96g6r2c3","https://assets.digitalcontent.marksandspencer.app/image/upload/w_2560,q_auto,c_fill,ar_1,f_auto/18d8716aac46da8e5c8165eb44d7b55d.jpg","Scotch Beef Thick Cut Ribeye Steak","380 g",""
"https://www.marksandspencer.com/food/scotch-beef-thick-cut-sirloin-steak/p/fdp60615924#intid=pid_pg3pip96g6r2c4","https://assets.digitalcontent.marksandspencer.app/image/upload/w_2560,q_auto,c_fill,ar_1,f_auto/cccf58368a560a6c2cf45c1303157946.jpg","Scotch Beef Thick Cut Sirloin Steak","450 g",""
"https://www.marksandspencer.com/food/scotch-beef-thin-cut-sirloin-steak/p/fdp60631965#intid=pid_pg3pip96g6r2c5","https://assets.digitalcontent.marksandspencer.app/image/upload/w_2560,q_auto,c_fill,ar_1,f_auto/2a8672d67d9bae4fa2d50beb8c2f5cce.jpg","Scotch Beef Thin Cut Sirloin Steak","150 g",""
"https://www.marksandspencer.com/food/scotch-diced-beef/p/fdp60615949#intid=pid_pg3pip96g6r2c6","https://assets.digitalcontent.marksandspencer.app/image/upload/w_2560,q_auto,c_fill,ar_1,f_auto/5900ab66e2be19581a91a224fc5d308c.jpg","Scotch Diced Beef","500 g",""
"https://www.marksandspencer.com/food/scottish-breakfast-pack/p/fdp60271583#intid=pid_pg3pip96g6r3c1","https://assets.digitalcontent.marksandspencer.app/image/upload/w_2560,q_auto,c_fill,ar_1,f_auto/2796b7d3cc126da5dec4974e9f489fcc.jpg","Scottish Breakfast Pack","580 g",""
"https://www.marksandspencer.com/food/scottish-steak-lorne/p/fdp60271584#intid=pid_pg3pip96g6r3c2","https://assets.digitalcontent.marksandspencer.app/image/upload/w_2560,q_auto,c_fill,ar_1,f_auto/0ac550e889673895f05f205bbfdbe4ac.jpg","Scottish Steak Lorne","260 g",""
"https://www.marksandspencer.com/food/scottish-traditional-beef-olives/p/fdp60271135#intid=pid_pg3pip96g6r3c3","https://assets.digitalcontent.marksandspencer.app/image/upload/w_2560,q_auto,c_fill,ar_1,f_auto/b9f77f8ca79d8b6ecb59d82ab1280af1.jpg","Scottish Traditional Beef Olives","400 g",""
"https://www.marksandspencer.com/food/scottish-white-pudding/p/fdp60000631#intid=pid_pg3pip96g6r3c4","https://assets.digitalcontent.marksandspencer.app/image/upload/w_2560,q_auto,c_fill,ar_1,f_auto/071c2ffec257c29c36c4b2e2da764b2d.jpg","Scottish White Pudding","200 g",""
"https://www.marksandspencer.com/food/smoked-gammon/p/fdp21050565#intid=pid_pg3pip96g6r3c5","https://assets.digitalcontent.marksandspencer.app/image/upload/w_2560,q_auto,c_fill,ar_1,f_auto/df355267a80473b0d27e27bb8acb5aa0.jpg","Smoked Gammon","750 g",""
"https://www.marksandspencer.com/food/welsh-lamb-half-leg-joint/p/fdp60568511#intid=pid_pg3pip96g6r3c6","https://assets.digitalcontent.marksandspencer.app/image/upload/w_2560,q_auto,c_fill,ar_1,f_auto/8cfb0e333bfeb06d190e74a7fbd63ad8.jpg","Welsh Lamb Half Leg Joint","1.31 kg",""
"https://www.marksandspencer.com/food/welsh-lamb-loin-chops/p/fdp60568523#intid=pid_pg3pip96g6r4c1","https://assets.digitalcontent.marksandspencer.app/image/upload/w_2560,q_auto,c_fill,ar_1,f_auto/9d0014e7096e3b6f292f8a03306d89d6.jpg","Welsh Lamb Loin Chops","360 g",""
"https://www.marksandspencer.com/food/british-beef-and-pork-meatballs/p/fdp60685266#intid=pid_pg3pip96g6r4c2","https://assets.digitalcontent.marksandspencer.app/image/upload/w_2560,q_auto,c_fill,ar_1,f_auto/7f71bb8c61397409a12d112af7f38d26.jpg","British Beef and Pork Meatballs","540 g",""
"https://www.marksandspencer.com/food/british-thin-cut-sirloin-steak/p/fdp60679144#intid=pid_pg3pip96g6r4c3","https://assets.digitalcontent.marksandspencer.app/image/upload/w_2560,q_auto,c_fill,ar_1,f_auto/605ba800ac153b4fa2cef3594fde37ad.jpg","British Thin Cut Sirloin Steak","200 g",""
"https://www.marksandspencer.com/food/british-outdoor-bred-6-unsmoked-bacon-rashers/p/fdp60154629#intid=pid_pg3pip96g6r4c4","https://assets.digitalcontent.marksandspencer.app/image/upload/w_2560,q_auto,c_fill,ar_1,f_auto/5693d484097da94d734bcfd1907ba19c.jpg","British Outdoor Bred 6 Unsmoked Bacon Rashers","200 g",""
"https://www.marksandspencer.com/food/organic-british-fillet-steak/p/fdp60640839#intid=pid_pg3pip96g6r4c5","https://assets.digitalcontent.marksandspencer.app/image/upload/w_2560,q_auto,c_fill,ar_1,f_auto/142f016220957201d8945d838e8a733c.jpg","Organic British Fillet Steak","200 g","Organic"
"https://www.marksandspencer.com/food/organic-british-sirloin-steak/p/fdp60640838#intid=pid_pg3pip96g6r4c6","https://assets.digitalcontent.marksandspencer.app/image/upload/w_2560,q_auto,c_fill,ar_1,f_auto/75863500be6f2ac7b1fefa7ed89fd23b.jpg","Organic British Sirloin Steak","240 g","Organic"
"https://www.marksandspencer.com/food/organic-ribeye-steak/p/fdp60640837#intid=pid_pg3pip96g6r5c1","https://assets.digitalcontent.marksandspencer.app/image/upload/w_2560,q_auto,c_fill,ar_1,f_auto/0b011f23e10cfb9bb5cc1a4011642bb8.jpg","Organic Ribeye Steak","240 g","Organic"
"https://www.marksandspencer.com/food/northern-irish-beef-south-american-style-picanha-steak/p/fdp60631963#intid=pid_pg3pip96g6r5c2","https://assets.digitalcontent.marksandspencer.app/image/upload/w_2560,q_auto,c_fill,ar_1,f_auto/99c405c110e66c105267ff3af1288acf.jpg","Northern Irish Beef South American Style Picanha Steak","160 g",""
"https://www.marksandspencer.com/food/northern-irish-beef-thin-cut-ribeye-steak/p/fdp60631964#intid=pid_pg3pip96g6r5c3","https://assets.digitalcontent.marksandspencer.app/image/upload/w_2560,q_auto,c_fill,ar_1,f_auto/3db1784845631a24e1a4f8e18a75dcdd.jpg","Northern Irish Beef Thin Cut Ribeye Steak","150 g",""
"https://www.marksandspencer.com/food/northern-irish-beef-thin-cut-sirloin-steak/p/fdp60631966#intid=pid_pg3pip96g6r5c4","https://assets.digitalcontent.marksandspencer.app/image/upload/w_2560,q_auto,c_fill,ar_1,f_auto/70d3a1ce6661f20ce09c9598c5c4a690.jpg","Northern Irish Beef Thin Cut Sirloin Steak","150 g",""
"https://www.marksandspencer.com/food/south-american-style-picanha-steak/p/fdp60631910#intid=pid_pg3pip96g6r5c5","https://assets.digitalcontent.marksandspencer.app/image/upload/w_2560,q_auto,c_fill,ar_1,f_auto/1db6f159f658041e076e482145947cd8.jpg","South American Style Picanha Steak","160 g",""
"https://www.marksandspencer.com/food/thin-cut-ribeye-steak/p/fdp60631934#intid=pid_pg3pip96g6r5c6","https://assets.digitalcontent.marksandspencer.app/image/upload/w_2560,q_auto,c_fill,ar_1,f_auto/2186eef206cebe873d57d9c65c1dbfd1.jpg","Thin Cut Ribeye Steak","150 g",""
"https://www.marksandspencer.com/food/thin-cut-sirloin-steak/p/fdp60631937#intid=pid_pg3pip96g6r6c1","https://assets.digitalcontent.marksandspencer.app/image/upload/w_2560,q_auto,c_fill,ar_1,f_auto/45d6f11268f07c13e25c08c45bc4e0d4.jpg","Thin Cut Sirloin Steak","150 g",""
"https://www.marksandspencer.com/food/welsh-beef-thin-cut-ribeye-steak/p/fdp60632109#intid=pid_pg3pip96g6r6c2","https://assets.digitalcontent.marksandspencer.app/image/upload/w_2560,q_auto,c_fill,ar_1,f_auto/380f39bfc7aeabf06f2dfbefdb310a96.jpg","Welsh Beef Thin Cut Ribeye Steak","150 g",""
"https://www.marksandspencer.com/food/welsh-beef-thin-cut-sirloin-steak/p/fdp60631761#intid=pid_pg3pip96g6r6c3","https://assets.digitalcontent.marksandspencer.app/image/upload/w_2560,q_auto,c_fill,ar_1,f_auto/62e62608b0850463c6646e872a92fc4b.jpg","Welsh Beef Thin Cut Sirloin Steak","150 g",""
"https://www.marksandspencer.com/food/welsh-south-american-style-picanha-steak/p/fdp60631931#intid=pid_pg3pip96g6r6c4","https://assets.digitalcontent.marksandspencer.app/image/upload/w_2560,q_auto,c_fill,ar_1,f_auto/2146c049c541d2659967e09e653dafca.jpg","Welsh South American Style Picanha Steak","160 g",""
"https://www.marksandspencer.com/food/british-wagyu-fillet-steak/p/fdp60631336#intid=pid_pg3pip96g6r6c5","https://assets.digitalcontent.marksandspencer.app/image/upload/w_2560,q_auto,c_fill,ar_1,f_auto/5af22a6bdfd9bfba2a0d01b9e365c7e5.jpg","British Wagyu Fillet Steak","205 g","M&S Collection"
"https://www.marksandspencer.com/food/british-wagyu-ribeye-steak/p/fdp60631334#intid=pid_pg3pip96g6r6c6","https://assets.digitalcontent.marksandspencer.app/image/upload/w_2560,q_auto,c_fill,ar_1,f_auto/e3424369fb8ec0d471736f04a6a3ebc7.jpg","British Wagyu Ribeye Steak","317 g","M&S Collection"
"https://www.marksandspencer.com/food/collection-british-fillet-steak/p/fdp60631212#intid=pid_pg3pip96g6r7c1","https://assets.digitalcontent.marksandspencer.app/image/upload/w_2560,q_auto,c_fill,ar_1,f_auto/b5827a0b1835cffc7f160d680337dd4d.jpg","Collection British Fillet Steak","200 g","M&S Collection"
"https://www.marksandspencer.com/food/collection-british-wagyu-sirloin-steak/p/fdp60631320#intid=pid_pg3pip96g6r7c2","https://assets.digitalcontent.marksandspencer.app/image/upload/w_2560,q_auto,c_fill,ar_1,f_auto/39e0ad0c03f47e18375c7f7d2a02f36c.jpg","Collection British Wagyu Sirloin Steak","306 g","M&S Collection"
"https://www.marksandspencer.com/food/northern-irish-beef-aberdeen-angus-fillet-steak/p/fdp60631381#intid=pid_pg3pip96g6r7c3","https://assets.digitalcontent.marksandspencer.app/image/upload/w_2560,q_auto,c_fill,ar_1,f_auto/d053f865d0082d46f95daaf91c51be22.jpg","Northern Irish Beef Aberdeen Angus Fillet Steak","193 g",""
"https://www.marksandspencer.com/food/northern-irish-beef-aberdeen-angus-ribeye-steak/p/fdp60631380#intid=pid_pg3pip96g6r7c4","https://assets.digitalcontent.marksandspencer.app/image/upload/w_2560,q_auto,c_fill,ar_1,f_auto/fbef893a434fce4678e3767daf88d01e.jpg","Northern Irish Beef Aberdeen Angus Ribeye Steak","220 g",""
"https://www.marksandspencer.com/food/northern-irish-beef-aberdeen-angus-rump-steak/p/fdp60631382#intid=pid_pg3pip96g6r7c5","https://assets.digitalcontent.marksandspencer.app/image/upload/w_2560,q_auto,c_fill,ar_1,f_auto/5335ac071c587cf7c04046c4bb2e43d6.jpg","Northern Irish Beef Aberdeen Angus Rump Steak","227 g",""
"https://www.marksandspencer.com/food/northern-irish-beef-aberdeen-angus-sirloin-steak/p/fdp60631379#intid=pid_pg3pip96g6r7c6","https://assets.digitalcontent.marksandspencer.app/image/upload/w_2560,q_auto,c_fill,ar_1,f_auto/82f9d240d0b3aa419cc9a233acae61f0.jpg","Northern Irish Beef Aberdeen Angus Sirloin Steak","227 g",""
"https://www.marksandspencer.com/food/northern-irish-beef-fillet-steak/p/fdp60631378#intid=pid_pg3pip96g6r8c1","https://assets.digitalcontent.marksandspencer.app/image/upload/w_2560,q_auto,c_fill,ar_1,f_auto/a5c96323e1481489b7faeb15542d476f.jpg","Northern Irish Beef Fillet Steak","190 g",""
"https://www.marksandspencer.com/food/welsh-aberdeen-angus-fillet-steak/p/fdp60631351#intid=pid_pg3pip96g6r8c2","https://assets.digitalcontent.marksandspencer.app/image/upload/w_2560,q_auto,c_fill,ar_1,f_auto/bfdf5bcb5bdc7417513c3c40bc5f6237.jpg","Welsh Aberdeen Angus Fillet Steak","193 g",""
"https://www.marksandspencer.com/food/welsh-aberdeen-angus-ribeye-steak/p/fdp60631350#intid=pid_pg3pip96g6r8c3","https://assets.digitalcontent.marksandspencer.app/image/upload/w_2560,q_auto,c_fill,ar_1,f_auto/2d023c05f48e0284f73930a5219490d5.jpg","Welsh Aberdeen Angus Ribeye Steak","220 g",""
"https://www.marksandspencer.com/food/welsh-aberdeen-angus-rump-steak/p/fdp60631349#intid=pid_pg3pip96g6r8c4","https://assets.digitalcontent.marksandspencer.app/image/upload/w_2560,q_auto,c_fill,ar_1,f_auto/549ac2f23641fa39e43b25d8a76218a0.jpg","Welsh Aberdeen Angus Rump Steak","227 g",""
"https://www.marksandspencer.com/food/welsh-aberdeen-angus-sirloin-steak/p/fdp60631337#intid=pid_pg3pip96g6r8c5","https://assets.digitalcontent.marksandspencer.app/image/upload/w_2560,q_auto,c_fill,ar_1,f_auto/8d933db0f6f5a7e0d688fe8ed62a9631.jpg","Welsh Aberdeen Angus Sirloin Steak","227 g",""
"https://www.marksandspencer.com/food/british-outdoor-bred-slow-cooked-porchetta/p/fdp60629130#intid=pid_pg3pip96g6r8c6","https://assets.digitalcontent.marksandspencer.app/image/upload/w_2560,q_auto,c_fill,ar_1,f_auto/56ecb586d0fc8901472d0067da3893ad.jpg","British Outdoor Bred Slow Cooked Porchetta","1.24 kg","M&S Collection"
"https://www.marksandspencer.com/food/northern-irish-beef-meatballs/p/fdp60620504#intid=pid_pg3pip96g6r9c1","https://assets.digitalcontent.marksandspencer.app/image/upload/w_2560,q_auto,c_fill,ar_1,f_auto/132ecbd5d43ffc4ab8ab987080032c3e.jpg","Northern Irish Beef Meatballs","300 g",""
"https://www.marksandspencer.com/food/british-aberdeen-angus-mince-5-fat/p/fdp60619898#intid=pid_pg3pip96g6r9c2","https://assets.digitalcontent.marksandspencer.app/image/upload/w_2560,q_auto,c_fill,ar_1,f_auto/abdf32f1302e9db8df08f31805e183dc.jpg","British Aberdeen Angus Mince 5% Fat","500 g",""
"https://www.marksandspencer.com/food/northern-irish-aberdeen-angus-mince-12-fat/p/fdp60619900#intid=pid_pg3pip96g6r9c3","https://assets.digitalcontent.marksandspencer.app/image/upload/w_2560,q_auto,c_fill,ar_1,f_auto/f7a165984969645795f7835084285945.jpg","Northern Irish Aberdeen Angus Mince 12% Fat","500 g",""
"https://www.marksandspencer.com/food/northern-irish-beef-mince-20-fat/p/fdp60619903#intid=pid_pg3pip96g6r9c4","https://assets.digitalcontent.marksandspencer.app/image/upload/w_2560,q_auto,c_fill,ar_1,f_auto/bcf7d30ab0ab86604c877f0dcdef00a5.jpg","Northern Irish Beef Mince 20% Fat","500 g",""
"https://www.marksandspencer.com/food/northern-irish-beef-mince-5-fat/p/fdp60619902#intid=pid_pg3pip96g6r9c5","https://assets.digitalcontent.marksandspencer.app/image/upload/w_2560,q_auto,c_fill,ar_1,f_auto/cfc7657286e532a91062eee5010b08fb.jpg","Northern Irish Beef Mince 5% Fat","500 g",""
"https://www.marksandspencer.com/food/northern-irish-beef-mince-12-fat/p/fdp60619899#intid=pid_pg3pip96g6r9c6","https://assets.digitalcontent.marksandspencer.app/image/upload/w_2560,q_auto,c_fill,ar_1,f_auto/ed2d95f590884f1a67026b5bb4f5a50e.jpg","Northern Irish beef mince 12% Fat","750 g",""
"https://www.marksandspencer.com/food/northern-irish-beef-minute-steak-extra-lean/p/fdp60618861#intid=pid_pg3pip96g6r10c1","https://assets.digitalcontent.marksandspencer.app/image/upload/w_2560,q_auto,c_fill,ar_1,f_auto/b9dcbfc0896d935715d7958445baad46.jpg","Northern Irish Beef Minute Steak Extra Lean","250 g",""
"https://www.marksandspencer.com/food/northern-irish-lamb-boneless-shoulder/p/fdp60617778#intid=pid_pg3pip96g6r10c2","https://assets.digitalcontent.marksandspencer.app/image/upload/w_2560,q_auto,c_fill,ar_1,f_auto/0347fa631a870dc4931353561700269c.jpg","Northern Irish Lamb Boneless Shoulder","0.8 kg",""
"https://www.marksandspencer.com/food/northern-irish-lamb-rump-steak/p/fdp60619181#intid=pid_pg3pip96g6r10c3","https://assets.digitalcontent.marksandspencer.app/image/upload/w_2560,q_auto,c_fill,ar_1,f_auto/f699bcbb676df305e9002fd4b3a7840c.jpg","Northern Irish Lamb Rump Steak","300 g",""
"https://www.marksandspencer.com/food/northern-irish-ribeye-steak/p/fdp60618902#intid=pid_pg3pip96g6r10c4","https://assets.digitalcontent.marksandspencer.app/image/upload/w_2560,q_auto,c_fill,ar_1,f_auto/b0f4f2e2446c4d505f27e0d54c564b2a.jpg","Northern Irish Ribeye Steak","210 g",""
"https://www.marksandspencer.com/food/northern-irish-rump-steak/p/fdp60618881#intid=pid_pg3pip96g6r10c5","https://assets.digitalcontent.marksandspencer.app/image/upload/w_2560,q_auto,c_fill,ar_1,f_auto/b3c61158396c095682877fbfa5049090.jpg","Northern Irish Rump Steak","222 g",""
"https://www.marksandspencer.com/food/northern-irish-sirloin-steak/p/fdp60618880#intid=pid_pg3pip96g6r10c6","https://assets.digitalcontent.marksandspencer.app/image/upload/w_2560,q_auto,c_fill,ar_1,f_auto/f1e8e77305f71dd8b1642c2ac79c578a.jpg","Northern Irish Sirloin Steak","227 g",""
"https://www.marksandspencer.com/food/northern-irish-thick-cut-ribeye-steak/p/fdp60618877#intid=pid_pg3pip96g6r11c1","https://assets.digitalcontent.marksandspencer.app/image/upload/w_2560,q_auto,c_fill,ar_1,f_auto/53ed9c8f6fd519003ff4691b5badfdd3.jpg","Northern Irish Thick Cut Ribeye Steak","380 g",""
"https://www.marksandspencer.com/food/northern-irish-thick-cut-sirloin-steak/p/fdp60618860#intid=pid_pg3pip96g6r11c2","https://assets.digitalcontent.marksandspencer.app/image/upload/w_2560,q_auto,c_fill,ar_1,f_auto/3c90724e1c537dd5d4a2156983c7028f.jpg","Northern Irish Thick Cut Sirloin Steak","450 g",""
"https://www.marksandspencer.com/food/welsh-extra-lean-minute-steaks/p/fdp60619046#intid=pid_pg3pip96g6r11c3","https://assets.digitalcontent.marksandspencer.app/image/upload/w_2560,q_auto,c_fill,ar_1,f_auto/19bb29ea23b0740fe397782594f506fe.jpg","Welsh Extra Lean Minute Steaks","250 g",""
"https://www.marksandspencer.com/food/welsh-ribeye-steak/p/fdp60619048#intid=pid_pg3pip96g6r11c4","https://assets.digitalcontent.marksandspencer.app/image/upload/w_2560,q_auto,c_fill,ar_1,f_auto/333345d629c5886835683c3ee8937004.jpg","Welsh Ribeye Steak","210 g",""
"https://www.marksandspencer.com/food/welsh-rump-steak/p/fdp60619049#intid=pid_pg3pip96g6r11c5","https://assets.digitalcontent.marksandspencer.app/image/upload/w_2560,q_auto,c_fill,ar_1,f_auto/c3d05833cc8f6d748244fa00f8416e06.jpg","Welsh Rump Steak","222 g",""
"https://www.marksandspencer.com/food/welsh-sirloin-steak/p/fdp60619085#intid=pid_pg3pip96g6r11c6","https://assets.digitalcontent.marksandspencer.app/image/upload/w_2560,q_auto,c_fill,ar_1,f_auto/bbbe48373ff0e76458ed4d6ed52fb4b3.jpg","Welsh Sirloin Steak","227 g",""
"https://www.marksandspencer.com/food/welsh-thick-cut-ribeye-steak/p/fdp60619065#intid=pid_pg3pip96g6r12c1","https://assets.digitalcontent.marksandspencer.app/image/upload/w_2560,q_auto,c_fill,ar_1,f_auto/6307951a9105c68494d28e3cba2339e8.jpg","Welsh Thick Cut Ribeye Steak","380 g",""
"https://www.marksandspencer.com/food/welsh-thick-cut-sirloin-steak/p/fdp60619122#intid=pid_pg3pip96g6r12c2","https://assets.digitalcontent.marksandspencer.app/image/upload/w_2560,q_auto,c_fill,ar_1,f_auto/32d9c90bf0c6b24381fa9eecd6aa9de9.jpg","Welsh Thick Cut Sirloin Steak","450 g",""
"https://www.marksandspencer.com/food/welsh-aberdeen-angus-beef-meatballs/p/fdp60618802#intid=pid_pg3pip96g6r12c3","https://assets.digitalcontent.marksandspencer.app/image/upload/w_2560,q_auto,c_fill,ar_1,f_auto/3ee505b40f6c2de0832dbda69d8658b0.jpg","Welsh Aberdeen Angus Beef Meatballs","400 g",""
"https://www.marksandspencer.com/food/welsh-aberdeen-angus-beef-mince-12-fat/p/fdp60618904#intid=pid_pg3pip96g6r12c4","https://assets.digitalcontent.marksandspencer.app/image/upload/w_2560,q_auto,c_fill,ar_1,f_auto/741b1568abe8c88762265bec0f7b5dd0.jpg","Welsh Aberdeen Angus Beef Mince 12% Fat","500 g",""
"https://www.marksandspencer.com/food/welsh-aberdeen-angus-beef-mince-5-fat/p/fdp60618903#intid=pid_pg3pip96g6r12c5","https://assets.digitalcontent.marksandspencer.app/image/upload/w_2560,q_auto,c_fill,ar_1,f_auto/d145f17d2d9be9e79f6228a7531264f9.jpg","Welsh Aberdeen Angus Beef Mince 5% Fat","500 g",""
"https://www.marksandspencer.com/food/welsh-beef-meatballs/p/fdp60618804#intid=pid_pg3pip96g6r12c6","https://assets.digitalcontent.marksandspencer.app/image/upload/w_2560,q_auto,c_fill,ar_1,f_auto/faecb3675d456c59a2a0c31d839ee142.jpg","Welsh Beef Meatballs","300 g",""
"https://www.marksandspencer.com/food/welsh-beef-mince-12-fat/p/fdp60618908#intid=pid_pg3pip96g6r13c1","https://assets.digitalcontent.marksandspencer.app/image/upload/w_2560,q_auto,c_fill,ar_1,f_auto/07d92c39b1a0b310b8a1de4348a4ba92.jpg","Welsh Beef Mince 12% Fat","750 g",""
"https://www.marksandspencer.com/food/welsh-beef-mince-20-fat/p/fdp60618905#intid=pid_pg3pip96g6r13c2","https://assets.digitalcontent.marksandspencer.app/image/upload/w_2560,q_auto,c_fill,ar_1,f_auto/ddf945ababe5e130700fc0be737a52a8.jpg","Welsh Beef Mince 20% Fat","500 g",""
"https://www.marksandspencer.com/food/welsh-beef-mince-5-fat/p/fdp60618906#intid=pid_pg3pip96g6r13c3","https://assets.digitalcontent.marksandspencer.app/image/upload/w_2560,q_auto,c_fill,ar_1,f_auto/9165036accb1e7d84cf54114ee83e491.jpg","Welsh Beef Mince 5% Fat","500 g",""
"https://www.marksandspencer.com/food/welsh-mini-beef-meatballs-3-fat/p/fdp60618907#intid=pid_pg3pip96g6r13c4","https://assets.digitalcontent.marksandspencer.app/image/upload/w_2560,q_auto,c_fill,ar_1,f_auto/eef446c75819e8bf684865dcddd3e550.jpg","Welsh Mini Beef Meatballs 3% Fat","240 g",""
"https://www.marksandspencer.com/food/british-outdoor-bred-pork-sage-and-onion-stuffing/p/fdp60609371#intid=pid_pg3pip96g6r13c5","https://assets.digitalcontent.marksandspencer.app/image/upload/w_2560,q_auto,c_fill,ar_1,f_auto/d50b1495f609f78e3dd7ccd47fd00e19.jpg","British Outdoor Bred Pork, Sage and Onion Stuffing","340 g",""
"https://www.marksandspencer.com/food/boneless-sage-and-onion-pork-loin-joint/p/fdp60588767#intid=pid_pg3pip96g6r13c6","https://assets.digitalcontent.marksandspencer.app/image/upload/w_2560,q_auto,c_fill,ar_1,f_auto/abd45f8efce80589047e298a571cf27a.jpg","Boneless Sage and Onion Pork Loin Joint","635 g",""
"https://www.marksandspencer.com/food/welsh-butterflied-lamb-leg/p/fdp60584293#intid=pid_pg3pip96g6r14c1","https://assets.digitalcontent.marksandspencer.app/image/upload/w_2560,q_auto,c_fill,ar_1,f_auto/04d8e293c0493d3fde7f590ad1890416.jpg","Welsh Butterflied Lamb Leg","700 g",""
"https://www.marksandspencer.com/food/welsh-lamb-boneless-shoulder/p/fdp60584287#intid=pid_pg3pip96g6r14c2","https://assets.digitalcontent.marksandspencer.app/image/upload/w_2560,q_auto,c_fill,ar_1,f_auto/34720d37a0369401d7c8562289702ea9.jpg","Welsh Lamb Boneless Shoulder","800 g",""
"https://www.marksandspencer.com/food/welsh-lamb-neck-fillet/p/fdp60584299#intid=pid_pg3pip96g6r14c3","https://assets.digitalcontent.marksandspencer.app/image/upload/w_2560,q_auto,c_fill,ar_1,f_auto/f59dc1a795622abab3fcb74954aa0dae.jpg","Welsh Lamb Neck Fillet","250 g",""
"https://www.marksandspencer.com/food/welsh-lamb-rump-steak/p/fdp60584291#intid=pid_pg3pip96g6r14c4","https://assets.digitalcontent.marksandspencer.app/image/upload/w_2560,q_auto,c_fill,ar_1,f_auto/46c98fe8c2f5eb62b6c6ae561d13444f.jpg","Welsh Lamb Rump Steak","300 g",""
"https://www.marksandspencer.com/food/collection-butterflied-leg-of-lamb/p/fdp60582453#intid=pid_pg3pip96g6r14c5","https://assets.digitalcontent.marksandspencer.app/image/upload/w_2560,q_auto,c_fill,ar_1,f_auto/3de834b82b39624075e3f6ddb1b5e25e.jpg","Collection Butterflied Leg of Lamb","526 g","M&S Collection"
"https://www.marksandspencer.com/food/boneless-ultimate-british-pork-crackling-joint/p/fdp60582456#intid=pid_pg3pip96g6r14c6","https://assets.digitalcontent.marksandspencer.app/image/upload/w_2560,q_auto,c_fill,ar_1,f_auto/b08197018783675cf5a175692a979d0d.jpg","Boneless Ultimate British Pork Crackling Joint","1.05 kg",""
"https://www.marksandspencer.com/food/collection-pulled-british-beef-en-croutes/p/fdp60582454#intid=pid_pg3pip96g6r15c1","https://assets.digitalcontent.marksandspencer.app/image/upload/w_2560,q_auto,c_fill,ar_1,f_auto/3d867ee9c9568f9936548ed23e591800.jpg","Collection Pulled British Beef En Croutes","520 g","M&S Collection"
"https://www.marksandspencer.com/food/collection-signature-unsmoked-crackling-gammon-joint/p/fdp60582457#intid=pid_pg3pip96g6r15c2","https://assets.digitalcontent.marksandspencer.app/image/upload/w_2560,q_auto,c_fill,ar_1,f_auto/cce6261b1bfca2c19bafb01967d5f73b.jpg","Collection Signature Unsmoked Crackling Gammon Joint","1 kg","M&S Collection"
"https://www.marksandspencer.com/food/organic-rump-steak/p/fdp60578700#intid=pid_pg3pip96g6r15c3","https://assets.digitalcontent.marksandspencer.app/image/upload/w_2560,q_auto,c_fill,ar_1,f_auto/7aaa9cb2e5e296b53ff510c00dc590af.jpg","Organic Rump Steak","250 g","Organic"
"https://www.marksandspencer.com/food/welsh-lamb-mince-20/p/fdp60573159#intid=pid_pg3pip96g6r15c4","https://assets.digitalcontent.marksandspencer.app/image/upload/w_2560,q_auto,c_fill,ar_1,f_auto/e4f90a16ded2c8dc27021344266982a9.jpg","Welsh Lamb Mince 20%","400 g",""
"https://www.marksandspencer.com/food/irish-lamb-2-leg-shanks/p/fdp60568552#intid=pid_pg3pip96g6r15c5","https://assets.digitalcontent.marksandspencer.app/image/upload/w_2560,q_auto,c_fill,ar_1,f_auto/62239237976ed13c826f158d718162f6.jpg","Irish Lamb 2 Leg Shanks","840 g",""
"https://www.marksandspencer.com/food/northern-irish-diced-lamb/p/fdp60568594#intid=pid_pg3pip96g6r15c6","https://assets.digitalcontent.marksandspencer.app/image/upload/w_2560,q_auto,c_fill,ar_1,f_auto/3ba041e57ed2e5aae6266665b8f98454.jpg","Northern Irish Diced Lamb","350 g",""
"https://www.marksandspencer.com/food/northern-irish-lamb-half-leg-joint/p/fdp60568545#intid=pid_pg3pip96g6r16c1","https://assets.digitalcontent.marksandspencer.app/image/upload/w_2560,q_auto,c_fill,ar_1,f_auto/c4d16b52ebe6ecea92ec6cdb433c6504.jpg","Northern Irish Lamb Half Leg Joint","1.1 kg",""
"https://www.marksandspencer.com/food/northern-irish-lamb-leg-steaks/p/fdp60568574#intid=pid_pg3pip96g6r16c2","https://assets.digitalcontent.marksandspencer.app/image/upload/w_2560,q_auto,c_fill,ar_1,f_auto/88a33fc91db80a3e0a82cd356574c602.jpg","Northern Irish Lamb Leg Steaks","300 g",""
"https://www.marksandspencer.com/food/northern-irish-lamb-mince/p/fdp60568472#intid=pid_pg3pip96g6r16c3","https://assets.digitalcontent.marksandspencer.app/image/upload/w_2560,q_auto,c_fill,ar_1,f_auto/91e875bd4ff6506d9e943a915bd8d5a0.jpg","Northern Irish Lamb Mince","400 g",""
"https://www.marksandspencer.com/food/northern-irish-lamb-shanks/p/fdp60568546#intid=pid_pg3pip96g6r16c4","https://assets.digitalcontent.marksandspencer.app/image/upload/w_2560,q_auto,c_fill,ar_1,f_auto/0c122559e0347928d2b73e242c21c225.jpg","Northern Irish Lamb Shanks","825 g",""
"https://www.marksandspencer.com/food/northern-irish-lambs-liver/p/fdp60568570#intid=pid_pg3pip96g6r16c5","https://assets.digitalcontent.marksandspencer.app/image/upload/w_2560,q_auto,c_fill,ar_1,f_auto/99870bc8000a2e2a15e228867c27d807.jpg","Northern Irish Lamb's Liver","250 g",""
"https://www.marksandspencer.com/food/northern-irish-loin-chops/p/fdp60568569#intid=pid_pg3pip96g6r16c6","https://assets.digitalcontent.marksandspencer.app/image/upload/w_2560,q_auto,c_fill,ar_1,f_auto/f077031a84f546c2d0e9f3a439335d92.jpg","Northern Irish Loin Chops","360 g",""
"https://www.marksandspencer.com/food/northern-irish-rack-of-lamb/p/fdp60568575#intid=pid_pg4pip96g6r1c1","https://assets.digitalcontent.marksandspencer.app/image/upload/w_2560,q_auto,c_fill,ar_1,f_auto/f174e520f0f70d0f7d4b84ed285d54a6.jpg","Northern Irish Rack of Lamb","330 g",""
"https://www.marksandspencer.com/food/northern-irish-whole-leg-lamb/p/fdp60568571#intid=pid_pg4pip96g6r1c2","https://assets.digitalcontent.marksandspencer.app/image/upload/w_2560,q_auto,c_fill,ar_1,f_auto/798b94eb0831b7d344795f3efee1faca.jpg","Northern Irish Whole Leg Lamb","2 kg",""
"https://www.marksandspencer.com/food/scotch-lambs-liver/p/fdp60568530#intid=pid_pg4pip96g6r1c3","https://assets.digitalcontent.marksandspencer.app/image/upload/w_2560,q_auto,c_fill,ar_1,f_auto/1da913b8d3f3a7c0b69209f4480c5c1f.jpg","Scotch Lamb's Liver","250 g",""
"https://www.marksandspencer.com/food/two-welsh-lamb-shanks/p/fdp60568522#intid=pid_pg4pip96g6r1c4","https://assets.digitalcontent.marksandspencer.app/image/upload/w_2560,q_auto,c_fill,ar_1,f_auto/23d3ce9f0d9238e24e9c9bbcef4b5c94.jpg","Two Welsh Lamb Shanks","840 g",""
"https://www.marksandspencer.com/food/welsh-diced-lamb/p/fdp60568524#intid=pid_pg4pip96g6r1c5","https://assets.digitalcontent.marksandspencer.app/image/upload/w_2560,q_auto,c_fill,ar_1,f_auto/0448f381528bee1b1f0470b846beefad.jpg","Welsh Diced Lamb","350 g",""
"https://www.marksandspencer.com/food/welsh-whole-leg-of-lamb/p/fdp60568685#intid=pid_pg4pip96g6r1c6","https://assets.digitalcontent.marksandspencer.app/image/upload/w_2560,q_auto,c_fill,ar_1,f_auto/f7637cb87d839439e220cd0f75c80412.jpg","Welsh Whole Leg of Lamb","2 kg",""
"https://www.marksandspencer.com/food/outdoor-bred-pork-butchers-cocktail-sausages/p/fdp60568924#intid=pid_pg4pip96g6r2c1","https://assets.digitalcontent.marksandspencer.app/image/upload/w_2560,q_auto,c_fill,ar_1,f_auto/bf52a9d7bbad6c7331c38241baaa3a0a.jpg","Outdoor Bred Pork Butchers Cocktail Sausages","360 g",""
"https://www.marksandspencer.com/food/british-outdoor-bred-breakfast-pork-patties/p/fdp60563481#intid=pid_pg4pip96g6r2c2","https://assets.digitalcontent.marksandspencer.app/image/upload/w_2560,q_auto,c_fill,ar_1,f_auto/c6b0c3a3149dd8225d3323be4693c249.jpg","British Outdoor Bred Breakfast Pork Patties","320 g",""
"https://www.marksandspencer.com/food/british-outdoor-bred-pork-butchers-chipolatas/p/fdp60564458#intid=pid_pg4pip96g6r2c3","https://assets.digitalcontent.marksandspencer.app/image/upload/w_2560,q_auto,c_fill,ar_1,f_auto/32d250430d2133701e46b14f2418d719.jpg","British Outdoor Bred Pork Butchers Chipolatas","340 g",""
"https://www.marksandspencer.com/food/british-outdoor-bred-pork-butchers-cumberland-sausages/p/fdp60563480#intid=pid_pg4pip96g6r2c4","https://assets.digitalcontent.marksandspencer.app/image/upload/w_2560,q_auto,c_fill,ar_1,f_auto/ad5971ca10f16216c5cf608ff32eafea.jpg","British Outdoor Bred Pork Butchers Cumberland Sausages","454 g",""
"https://www.marksandspencer.com/food/british-outdoor-bred-pork-butchers-lincolnshire-sausages/p/fdp60563507#intid=pid_pg4pip96g6r2c5","https://assets.digitalcontent.marksandspencer.app/image/upload/w_2560,q_auto,c_fill,ar_1,f_auto/5197b86c0ade266365808e11bb4692a2.jpg","British Outdoor Bred Pork Butchers Lincolnshire Sausages","454 g",""
"https://www.marksandspencer.com/food/british-outdoor-bred-pork-butchers-sausagemeat/p/fdp60563802#intid=pid_pg4pip96g6r2c6","https://assets.digitalcontent.marksandspencer.app/image/upload/w_2560,q_auto,c_fill,ar_1,f_auto/9527c9a16526bb05a49a508b9609ca82.jpg","British Outdoor Bred Pork Butchers Sausagemeat","454 g",""
"https://www.marksandspencer.com/food/british-outdoor-bred-pork-butchers-sausages/p/fdp60563800#intid=pid_pg4pip96g6r3c1","https://assets.digitalcontent.marksandspencer.app/image/upload/w_2560,q_auto,c_fill,ar_1,f_auto/553817d4b430cd34fa07e026d7c5153e.jpg","British Outdoor Bred Pork Butchers Sausages","454 g",""
"https://www.marksandspencer.com/food/collection-british-outdoor-bred-dry-cured-unsmoked-lardons/p/fdp60563710#intid=pid_pg4pip96g6r3c2","https://assets.digitalcontent.marksandspencer.app/image/upload/w_2560,q_auto,c_fill,ar_1,f_auto/f9aa5a788f4c1fee7335dbefecd3dc8a.jpg","Collection British Outdoor Bred Dry Cured Unsmoked Lardons","150 g","M&S Collection"
"https://www.marksandspencer.com/food/beef-stock/p/fdp60509823#intid=pid_pg4pip96g6r3c3","https://assets.digitalcontent.marksandspencer.app/image/upload/w_2560,q_auto,c_fill,ar_1,f_auto/3b9e65722870666afb7b96822c11500a.jpg","Beef Stock","500 g",""
"https://www.marksandspencer.com/food/welsh-lamb-leg-steaks/p/fdp60517071#intid=pid_pg4pip96g6r3c4","https://assets.digitalcontent.marksandspencer.app/image/upload/w_2560,q_auto,c_fill,ar_1,f_auto/8bbb35656449d02383f95153c41a4020.jpg","Welsh Lamb Leg Steaks","300 g",""
"https://www.marksandspencer.com/food/british-prime-venison-loin-steak-with-red-wine-sauce/p/fdp60498393#intid=pid_pg4pip96g6r3c5","https://assets.digitalcontent.marksandspencer.app/image/upload/w_2560,q_auto,c_fill,ar_1,f_auto/68d6314376a1f2ac96d6ecce922467bb.jpg","British Prime Venison Loin Steak with Red Wine Sauce","220 g","M&S Collection"
"https://www.marksandspencer.com/food/british-rose-veal-fillet-steak/p/fdp60498468#intid=pid_pg4pip96g6r3c6","https://assets.digitalcontent.marksandspencer.app/image/upload/w_2560,q_auto,c_fill,ar_1,f_auto/4c449f26369e28c160930bd27fdfc15c.jpg","British Rose Veal Fillet Steak","180 g",""
"https://www.marksandspencer.com/food/british-rose-veal-ribeye-steak/p/fdp60498470#intid=pid_pg4pip96g6r4c1","https://assets.digitalcontent.marksandspencer.app/image/upload/w_2560,q_auto,c_fill,ar_1,f_auto/1a8087b87451596a9452aae6e51bfb31.jpg","British Rose Veal Ribeye Steak","250 g",""
"https://www.marksandspencer.com/food/collection-british-outdoor-bred-dry-cured-unsmoked-streaky-bacon/p/fdp60492951#intid=pid_pg4pip96g6r4c2","https://assets.digitalcontent.marksandspencer.app/image/upload/w_2560,q_auto,c_fill,ar_1,f_auto/ff3c600d65801bd39e5b7ae2582bc752.jpg","Collection British Outdoor Bred Dry Cured Unsmoked Streaky Bacon","180 g","M&S Collection"
"https://www.marksandspencer.com/food/1884-signature-cure-smoked-back-bacon/p/fdp60489942#intid=pid_pg4pip96g6r4c3","https://assets.digitalcontent.marksandspencer.app/image/upload/w_2560,q_auto,c_fill,ar_1,f_auto/ad7016b168dc9d72261a632f25b11854.jpg","1884 Signature Cure Smoked Back Bacon","240 g","M&S Collection"
"https://www.marksandspencer.com/food/free-range-1884-signature-cured-unsmoked-back-bacon/p/fdp60489941#intid=pid_pg4pip96g6r4c4","https://assets.digitalcontent.marksandspencer.app/image/upload/w_2560,q_auto,c_fill,ar_1,f_auto/d73ec08e9e2db9eb554470d60b562d9d.jpg","Free Range 1884 Signature Cured Unsmoked Back Bacon","240 g",""
"https://www.marksandspencer.com/food/british-outdoor-bred-pork-belly-strips/p/fdp60481925#intid=pid_pg4pip96g6r4c5","https://assets.digitalcontent.marksandspencer.app/image/upload/w_2560,q_auto,c_fill,ar_1,f_auto/6239cd4f0d33fd5b65c6176f5634b032.jpg","British Outdoor Bred Pork Belly Strips","480 g",""
"https://www.marksandspencer.com/food/british-outdoor-bred-pork-shoulder-steaks/p/fdp60481923#intid=pid_pg4pip96g6r4c6","https://assets.digitalcontent.marksandspencer.app/image/upload/w_2560,q_auto,c_fill,ar_1,f_auto/21d5a13094652ca32cb1acdfce49b338.jpg","British Outdoor Bred Pork Shoulder Steaks","664 g",""
"https://www.marksandspencer.com/food/outdoor-bred-pork-thick-cut-chops/p/fdp60481928#intid=pid_pg4pip96g6r5c1","https://assets.digitalcontent.marksandspencer.app/image/upload/w_2560,q_auto,c_fill,ar_1,f_auto/cb10f28b58ccf01d857d62b13e687105.jpg","Outdoor Bred Pork Thick Cut Chops","450 g",""
"https://www.marksandspencer.com/food/thick-cut-pork-loin-steaks/p/fdp60481921#intid=pid_pg4pip96g6r5c2","https://assets.digitalcontent.marksandspencer.app/image/upload/w_2560,q_auto,c_fill,ar_1,f_auto/79810e3d9d493ff6244643d516ec72d6.jpg","Thick Cut Pork Loin Steaks","350 g",""
"https://www.marksandspencer.com/food/british-rose-veal-mince-15-fat/p/fdp60482323#intid=pid_pg4pip96g6r5c3","https://assets.digitalcontent.marksandspencer.app/image/upload/w_2560,q_auto,c_fill,ar_1,f_auto/34f91949cd222b16c4da06c214aa08f6.jpg","British Rose Veal Mince 15% Fat","400 g","M&S Collection"
"https://www.marksandspencer.com/food/british-free-range-pork-chipolatas/p/fdp60482112#intid=pid_pg4pip96g6r5c4","https://assets.digitalcontent.marksandspencer.app/image/upload/w_2560,q_auto,c_fill,ar_1,f_auto/e49e9413c4709fb18fbcf010e99e32d3.jpg","British Free Range Pork Chipolatas","375 g","M&S Collection"
"https://www.marksandspencer.com/food/british-free-range-pork-sausages/p/fdp60482008#intid=pid_pg4pip96g6r5c5","https://assets.digitalcontent.marksandspencer.app/image/upload/w_2560,q_auto,c_fill,ar_1,f_auto/fddbd228a5d8200a7d2ca96f7eaf4ad5.jpg","British Free Range Pork Sausages","400 g","M&S Collection"
"https://www.marksandspencer.com/food/12-butchers-pork-sausages/p/fdp60458109#intid=pid_pg4pip96g6r5c6","https://assets.digitalcontent.marksandspencer.app/image/upload/w_2560,q_auto,c_fill,ar_1,f_auto/65c1f03dd8082cbff7050da8ecc1cf1a.jpg","12 Butchers Pork Sausages","681 g",""
"https://www.marksandspencer.com/food/organic-20-fat-lamb-mince/p/fdp60449652#intid=pid_pg4pip96g6r6c1","https://assets.digitalcontent.marksandspencer.app/image/upload/w_2560,q_auto,c_fill,ar_1,f_auto/cb05dcfa9c00160ad558fcf4d50e77f8.jpg","Organic 20% Fat Lamb Mince","400 g","Organic"
"https://www.marksandspencer.com/food/collection-british-wagyu-beef-burgers/p/fdp60434332#intid=pid_pg4pip96g6r6c2","https://assets.digitalcontent.marksandspencer.app/image/upload/w_2560,q_auto,c_fill,ar_1,f_auto/7e35002da3dfd9f7947a0a8830de6411.jpg","Collection British Wagyu Beef Burgers","340 g","M&S Collection"
"https://www.marksandspencer.com/food/british-outdoor-bred-ultimate-pork-sausages/p/fdp60436937#intid=pid_pg4pip96g6r6c3","https://assets.digitalcontent.marksandspencer.app/image/upload/w_2560,q_auto,c_fill,ar_1,f_auto/6c32c56198caef3e5af9a4029d38d0c3.jpg","British Outdoor Bred Ultimate Pork Sausages","480 g","M&S Collection"
"https://www.marksandspencer.com/food/british-outdoor-bred-pork-chipolata-sausages/p/fdp60444571#intid=pid_pg4pip96g6r6c4","https://assets.digitalcontent.marksandspencer.app/image/upload/w_2560,q_auto,c_fill,ar_1,f_auto/5a0415c172ec95b2b65ccb17643ff329.jpg","British Outdoor Bred Pork Chipolata Sausages","375 g","M&S Collection"
"https://www.marksandspencer.com/food/british-outdoor-bred-12-smoked-streaky-bacon-rashers/p/fdp60287310#intid=pid_pg4pip96g6r6c5","https://assets.digitalcontent.marksandspencer.app/image/upload/w_2560,q_auto,c_fill,ar_1,f_auto/fb2ff5503c7a32ff0830262b9e32213d.jpg","British Outdoor Bred 12 Smoked Streaky Bacon Rashers","200 g",""
"https://www.marksandspencer.com/food/scotch-steak-link-sausages/p/fdp60283783#intid=pid_pg4pip96g6r6c6","https://assets.digitalcontent.marksandspencer.app/image/upload/w_2560,q_auto,c_fill,ar_1,f_auto/9d1127b6c01b74375670f1c705760d51.jpg","Scotch Steak Link Sausages","300 g",""
"https://www.marksandspencer.com/food/british-outdoor-bred-dry-cured-smoked-lardons/p/fdp60270418#intid=pid_pg4pip96g6r7c1","https://assets.digitalcontent.marksandspencer.app/image/upload/w_2560,q_auto,c_fill,ar_1,f_auto/e1c4e9c321d721e9d67d486ad4a465c7.jpg","British Outdoor-Bred Dry-Cured Smoked Lardons","150 g","M&S Collection"
"https://www.marksandspencer.com/food/6-british-outdoor-bred-pork-loin-medallions/p/fdp60270419#intid=pid_pg4pip96g6r7c2","https://assets.digitalcontent.marksandspencer.app/image/upload/w_2560,q_auto,c_fill,ar_1,f_auto/d5e6d6d48a89000c271ad39375a19b21.jpg","6 British Outdoor-Bred Pork Loin Medallions","300 g",""
"https://www.marksandspencer.com/food/collection-british-beef-sirloin-joint/p/fdp21060626#intid=pid_pg4pip96g6r7c3","https://assets.digitalcontent.marksandspencer.app/image/upload/w_2560,q_auto,c_fill,ar_1,f_auto/f15017fc39bf5ea69f545404ead82a4e.jpg","Collection British Beef Sirloin Joint","1.4 kg","M&S Collection"
"https://www.marksandspencer.com/food/2-lamb-leg-steaks/p/fdp21051654#intid=pid_pg4pip96g6r7c4","https://assets.digitalcontent.marksandspencer.app/image/upload/w_2560,q_auto,c_fill,ar_1,f_auto/ff313739c740e145e4e8f7c4ca6f6c8f.jpg","2 Lamb Leg Steaks","295 g","Organic"
"https://www.marksandspencer.com/food/half-british-lamb-leg/p/fdp21051703#intid=pid_pg4pip96g6r7c5","https://assets.digitalcontent.marksandspencer.app/image/upload/w_2560,q_auto,c_fill,ar_1,f_auto/04489f69d2de77157f59405e4c382c74.jpg","Half British Lamb Leg","1.2 kg","Organic"
"https://www.marksandspencer.com/food/organic-4-lamb-loin-chops/p/fdp21051704#intid=pid_pg4pip96g6r7c6","https://assets.digitalcontent.marksandspencer.app/image/upload/w_2560,q_auto,c_fill,ar_1,f_auto/ea7cd913682a6c0143dbc33272bd0934.jpg","Organic 4 Lamb Loin Chops","475 g","Organic"
"https://www.marksandspencer.com/food/rack-of-lamb/p/fdp21051707#intid=pid_pg4pip96g6r8c1","https://assets.digitalcontent.marksandspencer.app/image/upload/w_2560,q_auto,c_fill,ar_1,f_auto/dc9de315f763e027b4f2e61c94a69af0.jpg","Rack of Lamb","450 g","Organic"
"https://www.marksandspencer.com/food/2-minced-beef-crispbakes/p/fdp21096897#intid=pid_pg4pip96g6r8c2","https://assets.digitalcontent.marksandspencer.app/image/upload/w_2560,q_auto,c_fill,ar_1,f_auto/61f13007ac3b2cbdd6545a5c4b3c7e93.jpg","2 Minced Beef Crispbakes","227 g",""
"https://www.marksandspencer.com/food/british-outdoor-bred-12-unsmoked-streaky-bacon-rashers/p/fdp60154712#intid=pid_pg4pip96g6r8c3","https://assets.digitalcontent.marksandspencer.app/image/upload/w_2560,q_auto,c_fill,ar_1,f_auto/1360ae86bb43e8a93fe24184bd52a0fe.jpg","British Outdoor Bred 12 Unsmoked Streaky Bacon Rashers","200 g",""
"https://www.marksandspencer.com/food/4-black-pudding-slices/p/fdp21050614#intid=pid_pg4pip96g6r8c4","https://assets.digitalcontent.marksandspencer.app/image/upload/w_2560,q_auto,c_fill,ar_1,f_auto/f0c4a5446c7cc35c463b479dbc732d04.jpg","4 Black Pudding Slices","227 g",""
"https://www.marksandspencer.com/food/beechwood-smoked-cured-pork-loin/p/fdp21051840#intid=pid_pg4pip96g6r8c5","https://assets.digitalcontent.marksandspencer.app/image/upload/w_2560,q_auto,c_fill,ar_1,f_auto/408748187c8ec0db1e97133d940ad0cc.jpg","Beechwood Smoked Cured Pork Loin","550 g",""
"https://www.marksandspencer.com/food/collection-british-unsmoked-streaky-bacon/p/fdp21059535#intid=pid_pg4pip96g6r8c6","https://assets.digitalcontent.marksandspencer.app/image/upload/w_2560,q_auto,c_fill,ar_1,f_auto/509816d85b809f6114509ce41146b88d.jpg","Collection British Unsmoked Streaky Bacon","240 g","M&S Collection"
"https://www.marksandspencer.com/food/scottish-haggis/p/fdp21050634#intid=pid_pg4pip96g6r9c1","https://assets.digitalcontent.marksandspencer.app/image/upload/w_2560,q_auto,c_fill,ar_1,f_auto/64cf16af44c071460fa1855e2ab0fe54.jpg","Scottish Haggis","454 g",""
"https://www.marksandspencer.com/food/british-outdoor-bred-dry-cured-smoked-bacon/p/fdp60001689#intid=pid_pg4pip96g6r9c2","https://assets.digitalcontent.marksandspencer.app/image/upload/w_2560,q_auto,c_fill,ar_1,f_auto/76120355535537c2336e29a9885462ca.jpg","British Outdoor Bred Dry Cured Smoked Bacon","180 g","M&S Collection"
"https://www.marksandspencer.com/food/aberdeen-angus-beef-and-pepper-sausages/p/fdp60014979#intid=pid_pg4pip96g6r9c3","https://assets.digitalcontent.marksandspencer.app/image/upload/w_2560,q_auto,c_fill,ar_1,f_auto/53b1c1b19c5f777146d3936c8970b9d9.jpg","Aberdeen Angus Beef and Pepper Sausages","360 g","M&S Collection"
"https://www.marksandspencer.com/food/collection-8-british-lamb-garlic-and-rosemary-chipolatas/p/fdp60015022#intid=pid_pg4pip96g6r9c4","https://assets.digitalcontent.marksandspencer.app/image/upload/w_2560,q_auto,c_fill,ar_1,f_auto/8217986d389de035742ae49df899ba1e.jpg","Collection 8 British Lamb, Garlic and Rosemary Chipolatas","240 g","M&S Collection"
"https://www.marksandspencer.com/food/british-beef-minute-steak/p/fdp60027359#intid=pid_pg4pip96g6r9c5","https://assets.digitalcontent.marksandspencer.app/image/upload/w_2560,q_auto,c_fill,ar_1,f_auto/55473fd79ff860182941f3ba095f633c.jpg","British Beef Minute Steak","250 g",""
"https://www.marksandspencer.com/food/british-rose-veal-calves-liver-with-sage-butter/p/fdp21000341#intid=pid_pg4pip96g6r9c6","https://assets.digitalcontent.marksandspencer.app/image/upload/w_2560,q_auto,c_fill,ar_1,f_auto/a58aac50e806a244a920d1a564c2d09d.jpg","British Rose Veal Calves Liver with Sage Butter","188 g",""
"https://www.marksandspencer.com/food/british-rose-veal-osso-bucco/p/fdp60125104#intid=pid_pg4pip96g6r10c1","https://assets.digitalcontent.marksandspencer.app/image/upload/w_2560,q_auto,c_fill,ar_1,f_auto/86449f187a91c179ea14e4aabaf437f4.jpg","British Rose Veal Osso Bucco","625 g",""
"https://www.marksandspencer.com/food/british-ros-veal-sirloin-steak/p/fdp60125106#intid=pid_pg4pip96g6r10c2","https://assets.digitalcontent.marksandspencer.app/image/upload/w_2560,q_auto,c_fill,ar_1,f_auto/618f9e43b0e2f8830e58a1b58f6057a3.jpg","British Ros Veal Sirloin Steak","250 g",""
"https://www.marksandspencer.com/food/spiced-vegetable-and-lentil-haggis/p/fdp60003752#intid=pid_pg4pip96g6r10c3","https://assets.digitalcontent.marksandspencer.app/image/upload/w_2560,q_auto,c_fill,ar_1,f_auto/9763b4617aae07603cb1a427402c5bec.jpg","Spiced Vegetable and Lentil Haggis","454 g",""
"https://www.marksandspencer.com/food/collection-british-outdoor-bred-olde-english-farmhouse-pork-sausages/p/fdp60069500#intid=pid_pg4pip96g6r10c4","https://assets.digitalcontent.marksandspencer.app/image/upload/w_2560,q_auto,c_fill,ar_1,f_auto/64890e6283b9d3a0b562db59a1d30261.jpg","Collection British Outdoor Bred Olde English Farmhouse Pork Sausages","400 g","M&S Collection"
"https://www.marksandspencer.com/food/british-outdoor-bred-dry-cured-smoked-back-bacon/p/fdp21059523#intid=pid_pg4pip96g6r10c5","https://assets.digitalcontent.marksandspencer.app/image/upload/w_2560,q_auto,c_fill,ar_1,f_auto/ac911839f2d932bedf7bcf341d9ba03b.jpg","British Outdoor Bred Dry Cured Smoked Back Bacon","220 g","M&S Collection"
"https://www.marksandspencer.com/food/british-outdoor-bred-dry-sweetcured-smoked-back-bacon/p/fdp21064209#intid=pid_pg4pip96g6r10c6","https://assets.digitalcontent.marksandspencer.app/image/upload/w_2560,q_auto,c_fill,ar_1,f_auto/7012557e263de3a5f26732d44228b94c.jpg","British Outdoor Bred Dry Sweetcured Smoked Back Bacon","220 g","M&S Collection"
"https://www.marksandspencer.com/food/british-outdoor-bred-pork-shoulder-joint/p/fdp60000588#intid=pid_pg4pip96g6r11c1","https://assets.digitalcontent.marksandspencer.app/image/upload/w_2560,q_auto,c_fill,ar_1,f_auto/5e47a5d684babb67dcd56ee984587415.jpg","British Outdoor Bred Pork Shoulder Joint","2 kg",""
"https://www.marksandspencer.com/food/british-outdoor-bred-pork-smoked-bacon-medallions/p/fdp21056257#intid=pid_pg4pip96g6r11c2","https://assets.digitalcontent.marksandspencer.app/image/upload/w_2560,q_auto,c_fill,ar_1,f_auto/5abbf4fc218e169afbc183d5caa61eed.jpg","British Outdoor Bred Pork Smoked Bacon Medallions","250 g",""
"https://www.marksandspencer.com/food/british-outdoor-bred-pork-unsmoked-gammon/p/fdp21050606#intid=pid_pg4pip96g6r11c3","https://assets.digitalcontent.marksandspencer.app/image/upload/w_2560,q_auto,c_fill,ar_1,f_auto/4aa2991226d0bb7fc88fa86209b03916.jpg","British Outdoor Bred Pork Unsmoked Gammon","1 kg",""
"https://www.marksandspencer.com/food/british-outdoor-bred-wiltshire-cured-smoked-back-bacon/p/fdp21064181#intid=pid_pg4pip96g6r11c4","https://assets.digitalcontent.marksandspencer.app/image/upload/w_2560,q_auto,c_fill,ar_1,f_auto/daebac17c69d8d3e6daf9783d2defc8e.jpg","British Outdoor Bred Wiltshire Cured Smoked Back Bacon","240 g","M&S Collection"
"https://www.marksandspencer.com/food/british-outdoor-bred-wiltshire-cured-unsmoked-back-bacon/p/fdp21064184#intid=pid_pg4pip96g6r11c5","https://assets.digitalcontent.marksandspencer.app/image/upload/w_2560,q_auto,c_fill,ar_1,f_auto/41f38a0ad7d47396cf3c766b0602d214.jpg","British Outdoor Bred Wiltshire Cured Unsmoked Back Bacon","240 g","M&S Collection"
"https://www.marksandspencer.com/food/collection-british-smoked-streaky-bacon/p/fdp21059648#intid=pid_pg4pip96g6r11c6","https://assets.digitalcontent.marksandspencer.app/image/upload/w_2560,q_auto,c_fill,ar_1,f_auto/91a893320a2f69775f94e7df012f2837.jpg","Collection British Smoked Streaky Bacon","240 g","M&S Collection"
"https://www.marksandspencer.com/food/collection-british-unsmoked-back-bacon-rashers/p/fdp21059620#intid=pid_pg4pip96g6r12c1","https://assets.digitalcontent.marksandspencer.app/image/upload/w_2560,q_auto,c_fill,ar_1,f_auto/585070d880dc339f376dfeab1c62356a.jpg","Collection British Unsmoked Back Bacon Rashers","220 g","M&S Collection"
"https://www.marksandspencer.com/food/pepper-crusted-loin-steaks/p/fdp60062575#intid=pid_pg4pip96g6r12c2","https://assets.digitalcontent.marksandspencer.app/image/upload/w_2560,q_auto,c_fill,ar_1,f_auto/5fdbb2b03d0d0aeec71b00f14107b152.jpg","Pepper Crusted Loin Steaks","300 g",""
"https://www.marksandspencer.com/food/unsmoked-lean-bacon/p/fdp21051422#intid=pid_pg4pip96g6r12c3","https://assets.digitalcontent.marksandspencer.app/image/upload/w_2560,q_auto,c_fill,ar_1,f_auto/ab72d5313ab91f1aaca7a20acf4d880d.jpg","Unsmoked Lean Bacon","250 g",""
"https://www.marksandspencer.com/food/british-outdoor-bred-pork-fillet/p/fdp21056804#intid=pid_pg4pip96g6r12c4","https://assets.digitalcontent.marksandspencer.app/image/upload/w_2560,q_auto,c_fill,ar_1,f_auto/734721f9de71c100369e201c32d62340.jpg","British Outdoor Bred Pork Fillet","540 g",""
"https://www.marksandspencer.com/food/british-diced-beef/p/fdp21063117#intid=pid_pg4pip96g6r12c5","https://assets.digitalcontent.marksandspencer.app/image/upload/w_2560,q_auto,c_fill,ar_1,f_auto/6237bf821e136a72a6099885e92fbd21.jpg","British Diced Beef","500 g",""
"https://www.marksandspencer.com/food/ready-to-roast-boneless-gammon/p/fdp21050870#intid=pid_pg4pip96g6r12c6","https://assets.digitalcontent.marksandspencer.app/image/upload/w_2560,q_auto,c_fill,ar_1,f_auto/be108c9641e23b08ba27624084c09a35.jpg","Ready To Roast Boneless Gammon","600 g",""
"https://www.marksandspencer.com/food/british-unsmoked-back-bacon/p/fdp21051747#intid=pid_pg4pip96g6r13c1","https://assets.digitalcontent.marksandspencer.app/image/upload/w_2560,q_auto,c_fill,ar_1,f_auto/cb5efac531806af43854b95286699301.jpg","British Unsmoked Back Bacon","300 g",""